batch_id,batch_date,component_id,serial,socket,hour,leakage_nA,vth_V,rds_on_mOhm,gate_leak_nA
LOT-2601,2026-07-06,C-001,SN260100001,A1,0,34.19,3.0801,202.71,2.218
LOT-2601,2026-07-06,C-001,SN260100001,A1,24,38.94,3.0725,203.69,2.47
LOT-2601,2026-07-06,C-001,SN260100001,A1,96,37.86,3.0524,204.26,2.515
LOT-2601,2026-07-06,C-001,SN260100001,A1,168,39.59,3.0395,204.8,2.698
LOT-2601,2026-07-06,C-002,SN260100002,A2,0,31.9,3.0282,210.08,1.47
LOT-2601,2026-07-06,C-002,SN260100002,A2,24,34.01,3.0171,210.43,1.535
LOT-2601,2026-07-06,C-002,SN260100002,A2,96,35.76,2.99,212.0,1.554
LOT-2601,2026-07-06,C-002,SN260100002,A2,168,34.6,2.9771,212.77,1.565
LOT-2601,2026-07-06,C-003,SN260100003,A3,0,54.93,3.041,203.27,3.386
LOT-2601,2026-07-06,C-003,SN260100003,A3,24,60.57,3.0411,204.42,3.717
LOT-2601,2026-07-06,C-003,SN260100003,A3,96,67.47,3.0402,204.72,3.874
LOT-2601,2026-07-06,C-003,SN260100003,A3,168,69.81,3.0372,205.43,3.99
LOT-2601,2026-07-06,C-004,SN260100004,A4,0,33.35,3.0548,205.85,5.188
LOT-2601,2026-07-06,C-004,SN260100004,A4,24,35.27,3.0409,206.66,5.351
LOT-2601,2026-07-06,C-004,SN260100004,A4,96,36.39,3.0337,207.48,5.488
LOT-2601,2026-07-06,C-004,SN260100004,A4,168,37.21,3.0233,207.44,5.625
LOT-2601,2026-07-06,C-005,SN260100005,A5,0,44.92,3.0266,191.32,2.282
LOT-2601,2026-07-06,C-005,SN260100005,A5,24,48.23,3.0068,193.18,2.318
LOT-2601,2026-07-06,C-005,SN260100005,A5,96,49.05,2.9826,195.08,2.517
LOT-2601,2026-07-06,C-005,SN260100005,A5,168,48.75,2.9799,196.28,2.684
LOT-2601,2026-07-06,C-006,SN260100006,A6,0,48.57,2.9492,205.74,2.686
LOT-2601,2026-07-06,C-006,SN260100006,A6,24,50.54,2.9292,205.34,2.708
LOT-2601,2026-07-06,C-006,SN260100006,A6,96,51.98,2.894,205.42,2.768
LOT-2601,2026-07-06,C-006,SN260100006,A6,168,55.84,2.8782,204.8,2.858
LOT-2601,2026-07-06,C-007,SN260100007,A7,0,63.25,3.019,209.49,1.89
LOT-2601,2026-07-06,C-007,SN260100007,A7,24,64.05,3.0098,210.42,2.075
LOT-2601,2026-07-06,C-007,SN260100007,A7,96,72.33,3.0113,211.82,2.202
LOT-2601,2026-07-06,C-007,SN260100007,A7,168,76.22,3.0101,212.08,2.297
LOT-2601,2026-07-06,C-008,SN260100008,A8,0,46.2,2.9844,202.81,2.229
LOT-2601,2026-07-06,C-008,SN260100008,A8,24,48.83,2.9718,202.87,2.287
LOT-2601,2026-07-06,C-008,SN260100008,A8,96,49.25,2.9565,204.83,2.373
LOT-2601,2026-07-06,C-008,SN260100008,A8,168,51.34,2.9455,205.35,2.489
LOT-2601,2026-07-06,C-009,SN260100009,B1,0,34.17,2.988,213.28,2.803
LOT-2601,2026-07-06,C-009,SN260100009,B1,24,37.05,2.9806,213.82,2.847
LOT-2601,2026-07-06,C-009,SN260100009,B1,96,40.46,2.9693,213.35,3.055
LOT-2601,2026-07-06,C-009,SN260100009,B1,168,41.86,2.9624,213.48,3.208
LOT-2601,2026-07-06,C-010,SN260100010,B2,0,48.84,2.9882,204.24,1.909
LOT-2601,2026-07-06,C-010,SN260100010,B2,24,54.18,2.9614,204.78,1.977
LOT-2601,2026-07-06,C-010,SN260100010,B2,96,61.36,2.9397,205.1,2.01
LOT-2601,2026-07-06,C-010,SN260100010,B2,168,63.41,2.9311,206.15,2.011
LOT-2601,2026-07-06,C-011,SN260100011,B3,0,50.62,3.0126,206.48,2.625
LOT-2601,2026-07-06,C-011,SN260100011,B3,24,50.03,2.998,207.56,2.867
LOT-2601,2026-07-06,C-011,SN260100011,B3,96,53.93,2.9864,208.76,2.909
LOT-2601,2026-07-06,C-011,SN260100011,B3,168,53.54,2.9851,208.44,3.121
LOT-2601,2026-07-06,C-012,SN260100012,B4,0,62.85,2.9082,195.09,1.856
LOT-2601,2026-07-06,C-012,SN260100012,B4,24,68.36,2.8995,195.16,1.978
LOT-2601,2026-07-06,C-012,SN260100012,B4,96,78.45,2.8705,196.91,1.939
LOT-2601,2026-07-06,C-012,SN260100012,B4,168,85.03,2.8686,197.53,2.108
LOT-2601,2026-07-06,C-013,SN260100013,B5,0,48.93,3.1088,197.61,3.319
LOT-2601,2026-07-06,C-013,SN260100013,B5,24,51.65,3.1152,199.55,3.396
LOT-2601,2026-07-06,C-013,SN260100013,B5,96,59.79,3.1226,200.38,3.741
LOT-2601,2026-07-06,C-013,SN260100013,B5,168,63.02,3.1322,201.31,4.18
LOT-2601,2026-07-06,C-014,SN260100014,B6,0,43.49,3.0308,203.11,3.876
LOT-2601,2026-07-06,C-014,SN260100014,B6,24,46.48,3.019,204.04,4.136
LOT-2601,2026-07-06,C-014,SN260100014,B6,96,340.03,3.0094,205.56,4.409
LOT-2601,2026-07-06,C-014,SN260100014,B6,168,352.52,2.9959,206.22,4.48
LOT-2601,2026-07-06,C-015,SN260100015,B7,0,46.6,2.928,205.42,3.022
LOT-2601,2026-07-06,C-015,SN260100015,B7,24,50.08,2.9047,207.29,3.441
LOT-2601,2026-07-06,C-015,SN260100015,B7,96,52.55,2.8835,207.75,3.791
LOT-2601,2026-07-06,C-015,SN260100015,B7,168,53.34,2.8657,208.78,4.229
LOT-2601,2026-07-06,C-016,SN260100016,B8,0,57.23,2.9119,205.99,2.671
LOT-2601,2026-07-06,C-016,SN260100016,B8,24,64.82,2.8996,207.74,2.854
LOT-2601,2026-07-06,C-016,SN260100016,B8,96,68.54,2.906,210.18,3.102
LOT-2601,2026-07-06,C-016,SN260100016,B8,168,69.54,2.8942,211.87,3.252
LOT-2601,2026-07-06,C-017,SN260100017,C1,0,49.11,3.1054,210.06,4.024
LOT-2601,2026-07-06,C-017,SN260100017,C1,24,52.08,3.1072,210.38,4.279
LOT-2601,2026-07-06,C-017,SN260100017,C1,96,58.4,3.098,212.29,4.624
LOT-2601,2026-07-06,C-017,SN260100017,C1,168,63.1,3.1146,213.35,5.406
LOT-2601,2026-07-06,C-018,SN260100018,C2,0,42.08,3.0082,204.71,2.987
LOT-2601,2026-07-06,C-018,SN260100018,C2,24,43.8,3.0091,205.48,2.78
LOT-2601,2026-07-06,C-018,SN260100018,C2,96,43.4,2.9976,208.04,2.947
LOT-2601,2026-07-06,C-018,SN260100018,C2,168,45.44,2.989,209.51,3.178
LOT-2601,2026-07-06,C-019,SN260100019,C3,0,39.65,3.0892,196.97,1.782
LOT-2601,2026-07-06,C-019,SN260100019,C3,24,42.91,3.0886,197.24,1.971
LOT-2601,2026-07-06,C-019,SN260100019,C3,96,45.52,3.0861,198.85,2.086
LOT-2601,2026-07-06,C-019,SN260100019,C3,168,48.38,3.0793,200.42,2.376
LOT-2601,2026-07-06,C-020,SN260100020,C4,0,69.68,2.9007,200.78,1.23
LOT-2601,2026-07-06,C-020,SN260100020,C4,24,72.24,2.8823,200.91,1.222
LOT-2601,2026-07-06,C-020,SN260100020,C4,96,77.22,2.8669,202.2,1.267
LOT-2601,2026-07-06,C-020,SN260100020,C4,168,82.67,2.8535,203.06,1.291
LOT-2601,2026-07-06,C-021,SN260100021,C5,0,65.94,2.9491,201.16,3.013
LOT-2601,2026-07-06,C-021,SN260100021,C5,24,70.31,2.9512,202.7,3.516
LOT-2601,2026-07-06,C-021,SN260100021,C5,96,75.88,2.9491,203.99,3.562
LOT-2601,2026-07-06,C-021,SN260100021,C5,168,79.51,2.9486,204.43,3.955
LOT-2601,2026-07-06,C-022,SN260100022,C6,0,47.75,2.8761,210.7,2.482
LOT-2601,2026-07-06,C-022,SN260100022,C6,24,49.67,2.8686,211.03,2.474
LOT-2601,2026-07-06,C-022,SN260100022,C6,96,56.46,2.8703,212.65,2.615
LOT-2601,2026-07-06,C-022,SN260100022,C6,168,57.11,2.8713,212.19,2.881
LOT-2601,2026-07-06,C-023,SN260100023,C7,0,61.42,3.0932,200.13,1.683
LOT-2601,2026-07-06,C-023,SN260100023,C7,24,68.86,3.0823,199.67,1.677
LOT-2601,2026-07-06,C-023,SN260100023,C7,96,75.95,3.0695,200.74,1.563
LOT-2601,2026-07-06,C-023,SN260100023,C7,168,83.08,3.0497,199.76,1.471
LOT-2601,2026-07-06,C-024,SN260100024,C8,0,57.48,3.0435,200.89,2.357
LOT-2601,2026-07-06,C-024,SN260100024,C8,24,61.62,3.0343,201.01,2.257
LOT-2601,2026-07-06,C-024,SN260100024,C8,96,64.47,3.0292,202.56,2.22
LOT-2601,2026-07-06,C-024,SN260100024,C8,168,66.49,3.0273,202.67,2.365
LOT-2601,2026-07-06,C-025,SN260100025,D1,0,69.55,3.0417,219.53,2.042
LOT-2601,2026-07-06,C-025,SN260100025,D1,24,78.32,3.041,219.66,2.278
LOT-2601,2026-07-06,C-025,SN260100025,D1,96,85.47,3.0247,220.44,2.196
LOT-2601,2026-07-06,C-025,SN260100025,D1,168,87.76,3.024,221.7,2.429
LOT-2601,2026-07-06,C-026,SN260100026,D2,0,61.79,2.9858,203.86,3.751
LOT-2601,2026-07-06,C-026,SN260100026,D2,24,60.66,2.9746,203.71,3.705
LOT-2601,2026-07-06,C-026,SN260100026,D2,96,65.02,2.9647,204.47,3.612
LOT-2601,2026-07-06,C-026,SN260100026,D2,168,68.76,2.9668,204.79,3.747
LOT-2601,2026-07-06,C-027,SN260100027,D3,0,56.44,2.993,199.76,3.718
LOT-2601,2026-07-06,C-027,SN260100027,D3,24,59.5,2.9702,200.54,3.803
LOT-2601,2026-07-06,C-027,SN260100027,D3,96,60.69,2.9489,202.09,3.809
LOT-2601,2026-07-06,C-027,SN260100027,D3,168,64.1,2.9319,200.97,3.517
LOT-2601,2026-07-06,C-028,SN260100028,D4,0,25.17,2.9774,208.94,2.363
LOT-2601,2026-07-06,C-028,SN260100028,D4,24,26.27,2.9602,208.14,2.554
LOT-2601,2026-07-06,C-028,SN260100028,D4,96,28.08,2.9365,209.41,2.652
LOT-2601,2026-07-06,C-028,SN260100028,D4,168,30.76,2.9228,208.49,3.082
LOT-2601,2026-07-06,C-029,SN260100029,D5,0,232.0,3.0227,201.47,3.052
LOT-2601,2026-07-06,C-029,SN260100029,D5,24,340.41,3.0099,202.17,3.224
LOT-2601,2026-07-06,C-029,SN260100029,D5,96,504.73,3.0016,203.39,3.577
LOT-2601,2026-07-06,C-029,SN260100029,D5,168,652.56,2.996,204.43,3.436
LOT-2601,2026-07-06,C-030,SN260100030,D6,0,53.05,3.0458,211.24,3.298
LOT-2601,2026-07-06,C-030,SN260100030,D6,24,55.44,3.0187,212.49,3.594
LOT-2601,2026-07-06,C-030,SN260100030,D6,96,55.88,2.9887,213.23,3.916
LOT-2601,2026-07-06,C-030,SN260100030,D6,168,59.62,2.9794,213.8,4.287
LOT-2601,2026-07-06,C-031,SN260100031,D7,0,30.03,2.9969,194.54,1.836
LOT-2601,2026-07-06,C-031,SN260100031,D7,24,33.96,2.9908,195.69,1.882
LOT-2601,2026-07-06,C-031,SN260100031,D7,96,34.55,2.9731,197.38,2.036
LOT-2601,2026-07-06,C-031,SN260100031,D7,168,36.14,2.9818,197.55,2.068
LOT-2601,2026-07-06,C-032,SN260100032,D8,0,53.56,2.9025,202.9,2.428
LOT-2601,2026-07-06,C-032,SN260100032,D8,24,59.63,2.8933,204.08,2.711
LOT-2601,2026-07-06,C-032,SN260100032,D8,96,68.73,2.4995,204.83,2.867
LOT-2601,2026-07-06,C-032,SN260100032,D8,168,69.67,2.4989,206.19,3.05
LOT-2601,2026-07-06,C-033,SN260100033,E1,0,51.76,3.0222,207.9,2.231
LOT-2601,2026-07-06,C-033,SN260100033,E1,24,55.22,3.0252,207.85,2.361
LOT-2601,2026-07-06,C-033,SN260100033,E1,96,58.07,3.0208,207.89,2.788
LOT-2601,2026-07-06,C-033,SN260100033,E1,168,58.38,3.0315,207.56,3.055
LOT-2601,2026-07-06,C-034,SN260100034,E2,0,45.53,2.9974,203.84,3.059
LOT-2601,2026-07-06,C-034,SN260100034,E2,24,47.11,2.9859,205.39,3.27
LOT-2601,2026-07-06,C-034,SN260100034,E2,96,50.16,2.976,205.39,3.57
LOT-2601,2026-07-06,C-034,SN260100034,E2,168,50.63,2.9652,206.96,3.687
LOT-2601,2026-07-06,C-035,SN260100035,E3,0,59.9,3.1468,206.09,2.244
LOT-2601,2026-07-06,C-035,SN260100035,E3,24,60.88,3.0126,207.68,2.362
LOT-2601,2026-07-06,C-035,SN260100035,E3,96,63.34,2.8796,208.63,2.58
LOT-2601,2026-07-06,C-035,SN260100035,E3,168,61.55,2.7738,208.66,2.728
LOT-2601,2026-07-06,C-036,SN260100036,E4,0,54.78,2.9246,203.81,2.623
LOT-2601,2026-07-06,C-036,SN260100036,E4,24,61.33,2.914,204.56,2.637
LOT-2601,2026-07-06,C-036,SN260100036,E4,96,64.4,2.9191,205.54,3.023
LOT-2601,2026-07-06,C-036,SN260100036,E4,168,68.89,2.9102,205.75,3.107
LOT-2601,2026-07-06,C-037,SN260100037,E5,0,34.47,2.9849,206.67,3.157
LOT-2601,2026-07-06,C-037,SN260100037,E5,24,35.15,2.9669,209.04,3.318
LOT-2601,2026-07-06,C-037,SN260100037,E5,96,38.2,2.9552,210.09,3.488
LOT-2601,2026-07-06,C-037,SN260100037,E5,168,39.78,2.9518,210.4,3.699
LOT-2601,2026-07-06,C-038,SN260100038,E6,0,47.53,3.013,198.64,2.11
LOT-2601,2026-07-06,C-038,SN260100038,E6,24,49.52,3.0138,198.73,2.267
LOT-2601,2026-07-06,C-038,SN260100038,E6,96,49.71,3.0217,200.37,2.236
LOT-2601,2026-07-06,C-038,SN260100038,E6,168,50.83,3.0146,201.55,2.537
LOT-2601,2026-07-06,C-039,SN260100039,E7,0,36.37,2.9877,207.14,1.858
LOT-2601,2026-07-06,C-039,SN260100039,E7,24,40.89,2.9739,207.44,2.238
LOT-2601,2026-07-06,C-039,SN260100039,E7,96,44.09,2.9489,208.59,2.48
LOT-2601,2026-07-06,C-039,SN260100039,E7,168,47.63,2.9438,209.98,2.615
LOT-2601,2026-07-06,C-040,SN260100040,E8,0,39.66,2.9884,210.2,2.473
LOT-2601,2026-07-06,C-040,SN260100040,E8,24,43.64,2.9742,210.19,2.609
LOT-2601,2026-07-06,C-040,SN260100040,E8,96,46.07,2.9648,211.93,2.603
LOT-2601,2026-07-06,C-040,SN260100040,E8,168,48.72,2.9582,212.7,2.783
LOT-2601,2026-07-06,C-041,SN260100041,F1,0,53.09,2.9446,199.89,2.031
LOT-2601,2026-07-06,C-041,SN260100041,F1,24,59.01,2.9224,201.26,2.279
LOT-2601,2026-07-06,C-041,SN260100041,F1,96,65.07,2.91,202.9,2.331
LOT-2601,2026-07-06,C-041,SN260100041,F1,168,72.52,2.8878,204.61,2.385
LOT-2601,2026-07-06,C-042,SN260100042,F2,0,47.69,3.0317,210.3,2.725
LOT-2601,2026-07-06,C-042,SN260100042,F2,24,51.23,3.0196,209.82,2.661
LOT-2601,2026-07-06,C-042,SN260100042,F2,96,56.62,2.9993,211.07,2.878
LOT-2601,2026-07-06,C-042,SN260100042,F2,168,62.16,2.9932,212.01,2.84
LOT-2601,2026-07-06,C-043,SN260100043,F3,0,41.9,3.0394,202.49,2.578
LOT-2601,2026-07-06,C-043,SN260100043,F3,24,44.46,3.0172,202.26,2.66
LOT-2601,2026-07-06,C-043,SN260100043,F3,96,46.94,3.0036,201.26,2.722
LOT-2601,2026-07-06,C-043,SN260100043,F3,168,48.62,3.0037,200.92,2.903
LOT-2601,2026-07-06,C-044,SN260100044,F4,0,60.74,2.963,210.88,2.276
LOT-2601,2026-07-06,C-044,SN260100044,F4,24,64.58,2.9642,211.73,2.473
LOT-2601,2026-07-06,C-044,SN260100044,F4,96,63.51,2.9511,213.33,2.399
LOT-2601,2026-07-06,C-044,SN260100044,F4,168,67.63,2.9498,213.92,2.645
LOT-2601,2026-07-06,C-045,SN260100045,F5,0,57.0,3.0299,205.5,2.534
LOT-2601,2026-07-06,C-045,SN260100045,F5,24,62.2,3.0177,204.84,2.665
LOT-2601,2026-07-06,C-045,SN260100045,F5,96,66.25,2.9938,204.25,2.472
LOT-2601,2026-07-06,C-045,SN260100045,F5,168,69.1,2.994,204.29,2.615
LOT-2601,2026-07-06,C-046,SN260100046,F6,0,51.58,3.0702,197.01,1.535
LOT-2601,2026-07-06,C-046,SN260100046,F6,24,51.7,3.0591,198.86,1.677
LOT-2601,2026-07-06,C-046,SN260100046,F6,96,57.31,3.0492,200.15,1.778
LOT-2601,2026-07-06,C-046,SN260100046,F6,168,59.28,3.0468,200.4,1.825
LOT-2601,2026-07-06,C-047,SN260100047,F7,0,37.73,2.9946,206.93,2.344
LOT-2601,2026-07-06,C-047,SN260100047,F7,24,39.95,2.9823,206.84,2.36
LOT-2601,2026-07-06,C-047,SN260100047,F7,96,44.57,2.9787,208.39,2.304
LOT-2601,2026-07-06,C-047,SN260100047,F7,168,46.93,2.9806,208.61,2.437
LOT-2601,2026-07-06,C-048,SN260100048,F8,0,36.35,3.0325,205.6,2.824
LOT-2601,2026-07-06,C-048,SN260100048,F8,24,37.91,3.0201,206.63,3.037
LOT-2601,2026-07-06,C-048,SN260100048,F8,96,39.67,3.006,208.31,3.105
LOT-2601,2026-07-06,C-048,SN260100048,F8,168,42.17,3.0011,209.56,3.253
LOT-2601,2026-07-06,C-049,SN260100049,G1,0,47.07,2.8768,200.42,1.745
LOT-2601,2026-07-06,C-049,SN260100049,G1,24,49.92,2.868,201.03,1.815
LOT-2601,2026-07-06,C-049,SN260100049,G1,96,54.65,2.8502,202.79,2.019
LOT-2601,2026-07-06,C-049,SN260100049,G1,168,60.36,2.8451,203.88,2.167
LOT-2601,2026-07-06,C-050,SN260100050,G2,0,74.22,3.0878,207.27,2.297
LOT-2601,2026-07-06,C-050,SN260100050,G2,24,78.13,3.0846,208.82,2.276
LOT-2601,2026-07-06,C-050,SN260100050,G2,96,89.34,3.0673,210.5,2.332
LOT-2601,2026-07-06,C-050,SN260100050,G2,168,95.44,3.0515,211.58,2.223
LOT-2601,2026-07-06,C-051,SN260100051,G3,0,47.7,3.0657,208.31,3.25
LOT-2601,2026-07-06,C-051,SN260100051,G3,24,48.64,3.0455,209.68,3.681
LOT-2601,2026-07-06,C-051,SN260100051,G3,96,53.02,3.0196,210.65,3.941
LOT-2601,2026-07-06,C-051,SN260100051,G3,168,54.5,3.0117,212.64,4.093
LOT-2601,2026-07-06,C-052,SN260100052,G4,0,49.17,2.9612,198.25,1.686
LOT-2601,2026-07-06,C-052,SN260100052,G4,24,52.75,2.9386,200.61,1.758
LOT-2601,2026-07-06,C-052,SN260100052,G4,96,56.47,2.9215,201.34,1.881
LOT-2601,2026-07-06,C-052,SN260100052,G4,168,56.96,2.9107,202.72,2.037
LOT-2601,2026-07-06,C-053,SN260100053,G5,0,55.63,2.952,210.5,2.911
LOT-2601,2026-07-06,C-053,SN260100053,G5,24,55.99,2.9343,210.79,3.013
LOT-2601,2026-07-06,C-053,SN260100053,G5,96,64.26,2.9273,211.03,3.615
LOT-2601,2026-07-06,C-053,SN260100053,G5,168,66.23,2.912,210.84,3.926
LOT-2601,2026-07-06,C-054,SN260100054,G6,0,30.48,2.9891,208.04,2.277
LOT-2601,2026-07-06,C-054,SN260100054,G6,24,30.88,2.9884,209.3,2.537
LOT-2601,2026-07-06,C-054,SN260100054,G6,96,32.69,2.9793,210.97,2.642
LOT-2601,2026-07-06,C-054,SN260100054,G6,168,33.8,2.9791,211.13,2.899
LOT-2601,2026-07-06,C-055,SN260100055,G7,0,51.91,3.0225,206.77,2.531
LOT-2601,2026-07-06,C-055,SN260100055,G7,24,54.11,3.0097,208.41,2.914
LOT-2601,2026-07-06,C-055,SN260100055,G7,96,58.16,2.9981,208.88,3.247
LOT-2601,2026-07-06,C-055,SN260100055,G7,168,65.28,2.9892,209.81,3.423
LOT-2601,2026-07-06,C-056,SN260100056,G8,0,47.64,3.0031,206.13,1.713
LOT-2601,2026-07-06,C-056,SN260100056,G8,24,51.46,2.9795,207.51,1.742
LOT-2601,2026-07-06,C-056,SN260100056,G8,96,55.96,2.9678,207.98,1.768
LOT-2601,2026-07-06,C-056,SN260100056,G8,168,57.04,2.9461,209.67,1.817
LOT-2601,2026-07-06,C-057,SN260100057,H1,0,61.68,2.971,201.01,1.944
LOT-2601,2026-07-06,C-057,SN260100057,H1,24,71.71,2.9583,202.12,1.973
LOT-2601,2026-07-06,C-057,SN260100057,H1,96,80.73,2.9401,202.98,2.227
LOT-2601,2026-07-06,C-057,SN260100057,H1,168,90.75,2.9324,204.24,2.147
LOT-2601,2026-07-06,C-058,SN260100058,H2,0,64.32,2.9382,209.89,2.475
LOT-2601,2026-07-06,C-058,SN260100058,H2,24,67.93,2.9305,211.17,2.525
LOT-2601,2026-07-06,C-058,SN260100058,H2,96,73.24,2.9181,212.0,2.606
LOT-2601,2026-07-06,C-058,SN260100058,H2,168,76.52,2.9086,213.77,2.738
LOT-2601,2026-07-06,C-059,SN260100059,H3,0,38.31,3.0936,201.89,2.036
LOT-2601,2026-07-06,C-059,SN260100059,H3,24,43.53,3.0771,202.38,2.133
LOT-2601,2026-07-06,C-059,SN260100059,H3,96,46.13,3.0778,203.59,2.347
LOT-2601,2026-07-06,C-059,SN260100059,H3,168,50.42,3.0731,203.74,2.366
LOT-2601,2026-07-06,C-060,SN260100060,H4,0,52.66,2.9384,206.38,3.036
LOT-2601,2026-07-06,C-060,SN260100060,H4,24,57.58,2.922,206.43,3.009
LOT-2601,2026-07-06,C-060,SN260100060,H4,96,61.79,2.9089,208.15,3.284
LOT-2601,2026-07-06,C-060,SN260100060,H4,168,63.49,2.8987,208.55,3.637
LOT-2601,2026-07-06,C-061,SN260100061,H5,0,54.12,2.9694,205.05,2.74
LOT-2601,2026-07-06,C-061,SN260100061,H5,24,58.36,2.9606,206.35,2.63
LOT-2601,2026-07-06,C-061,SN260100061,H5,96,63.59,2.9512,207.47,2.574
LOT-2601,2026-07-06,C-061,SN260100061,H5,168,66.28,2.9472,209.27,2.682
LOT-2601,2026-07-06,C-062,SN260100062,H6,0,39.67,3.0102,204.23,1.858
LOT-2601,2026-07-06,C-062,SN260100062,H6,24,41.99,3.0174,206.55,1.761
LOT-2601,2026-07-06,C-062,SN260100062,H6,96,48.16,3.0011,210.38,1.792
LOT-2601,2026-07-06,C-062,SN260100062,H6,168,49.32,2.989,211.65,1.909
LOT-2601,2026-07-06,C-063,SN260100063,H7,0,34.75,2.9526,199.18,3.224
LOT-2601,2026-07-06,C-063,SN260100063,H7,24,37.9,2.9491,200.81,3.247
LOT-2601,2026-07-06,C-063,SN260100063,H7,96,40.24,2.9342,202.77,3.373
LOT-2601,2026-07-06,C-063,SN260100063,H7,168,38.8,2.9297,204.09,3.651
LOT-2601,2026-07-06,C-064,SN260100064,H8,0,45.47,2.921,210.51,2.305
LOT-2601,2026-07-06,C-064,SN260100064,H8,24,47.73,2.9154,211.52,2.626
LOT-2601,2026-07-06,C-064,SN260100064,H8,96,53.97,2.9015,212.13,2.51
LOT-2601,2026-07-06,C-064,SN260100064,H8,168,55.03,2.8983,214.13,2.647
LOT-2602,2026-07-20,C-001,SN260200065,A1,0,44.0,2.876,199.72,3.274
LOT-2602,2026-07-20,C-001,SN260200065,A1,24,46.91,2.8523,200.87,3.408
LOT-2602,2026-07-20,C-001,SN260200065,A1,96,49.14,2.8431,203.36,3.647
LOT-2602,2026-07-20,C-001,SN260200065,A1,168,50.4,2.8249,203.14,3.996
LOT-2602,2026-07-20,C-002,SN260200066,A2,0,32.82,2.9223,203.59,3.031
LOT-2602,2026-07-20,C-002,SN260200066,A2,24,35.88,2.9044,206.14,3.713
LOT-2602,2026-07-20,C-002,SN260200066,A2,96,38.35,2.8892,207.65,3.766
LOT-2602,2026-07-20,C-002,SN260200066,A2,168,39.45,2.8817,208.78,4.173
LOT-2602,2026-07-20,C-003,SN260200067,A3,0,36.34,3.0043,205.51,2.331
LOT-2602,2026-07-20,C-003,SN260200067,A3,24,40.16,3.0044,207.64,2.206
LOT-2602,2026-07-20,C-003,SN260200067,A3,96,39.07,3.0016,209.04,2.107
LOT-2602,2026-07-20,C-003,SN260200067,A3,168,41.25,3.01,209.48,2.188
LOT-2602,2026-07-20,C-004,SN260200068,A4,0,44.1,2.8402,194.71,1.948
LOT-2602,2026-07-20,C-004,SN260200068,A4,24,50.5,2.8367,196.65,2.191
LOT-2602,2026-07-20,C-004,SN260200068,A4,96,56.07,2.8168,197.12,2.201
LOT-2602,2026-07-20,C-004,SN260200068,A4,168,62.98,2.81,198.57,2.495
LOT-2602,2026-07-20,C-005,SN260200069,A5,0,50.45,3.0928,211.62,2.722
LOT-2602,2026-07-20,C-005,SN260200069,A5,24,51.59,3.0886,211.8,2.764
LOT-2602,2026-07-20,C-005,SN260200069,A5,96,58.91,3.0933,213.58,2.906
LOT-2602,2026-07-20,C-005,SN260200069,A5,168,61.38,3.0862,213.34,2.688
LOT-2602,2026-07-20,C-006,SN260200070,A6,0,61.46,3.0131,208.95,3.918
LOT-2602,2026-07-20,C-006,SN260200070,A6,24,67.27,3.0012,208.87,4.091
LOT-2602,2026-07-20,C-006,SN260200070,A6,96,79.13,2.99,211.18,4.192
LOT-2602,2026-07-20,C-006,SN260200070,A6,168,80.75,2.9862,212.17,4.584
LOT-2602,2026-07-20,C-007,SN260200071,A7,0,57.72,2.9396,209.82,3.044
LOT-2602,2026-07-20,C-007,SN260200071,A7,24,62.18,2.9406,210.98,3.289
LOT-2602,2026-07-20,C-007,SN260200071,A7,96,63.14,2.9237,211.06,3.343
LOT-2602,2026-07-20,C-007,SN260200071,A7,168,64.02,2.9173,211.77,3.479
LOT-2602,2026-07-20,C-008,SN260200072,A8,0,68.7,3.004,199.66,3.002
LOT-2602,2026-07-20,C-008,SN260200072,A8,24,72.06,3.0022,202.61,3.018
LOT-2602,2026-07-20,C-008,SN260200072,A8,96,78.58,2.9935,204.66,3.175
LOT-2602,2026-07-20,C-008,SN260200072,A8,168,83.18,2.9923,206.09,3.057
LOT-2602,2026-07-20,C-009,SN260200073,B1,0,42.58,2.978,203.34,1.821
LOT-2602,2026-07-20,C-009,SN260200073,B1,24,43.38,2.9744,205.32,1.902
LOT-2602,2026-07-20,C-009,SN260200073,B1,96,47.73,2.9682,207.52,1.917
LOT-2602,2026-07-20,C-009,SN260200073,B1,168,50.6,2.9547,209.69,1.91
LOT-2602,2026-07-20,C-010,SN260200074,B2,0,46.12,3.1369,206.07,2.018
LOT-2602,2026-07-20,C-010,SN260200074,B2,24,51.44,3.1293,208.69,2.231
LOT-2602,2026-07-20,C-010,SN260200074,B2,96,55.9,3.1337,209.51,2.297
LOT-2602,2026-07-20,C-010,SN260200074,B2,168,58.5,3.1317,212.28,2.528
LOT-2602,2026-07-20,C-011,SN260200075,B3,0,58.92,2.9867,208.31,3.288
LOT-2602,2026-07-20,C-011,SN260200075,B3,24,62.39,2.9835,209.4,3.456
LOT-2602,2026-07-20,C-011,SN260200075,B3,96,62.54,2.9652,210.53,4.072
LOT-2602,2026-07-20,C-011,SN260200075,B3,168,63.92,2.9665,211.26,4.302
LOT-2602,2026-07-20,C-012,SN260200076,B4,0,47.28,2.9817,203.99,1.862
LOT-2602,2026-07-20,C-012,SN260200076,B4,24,48.32,2.9695,205.13,1.849
LOT-2602,2026-07-20,C-012,SN260200076,B4,96,51.6,2.9671,206.3,2.177
LOT-2602,2026-07-20,C-012,SN260200076,B4,168,52.28,2.958,206.43,2.223
LOT-2602,2026-07-20,C-013,SN260200077,B5,0,35.02,3.0348,196.93,2.827
LOT-2602,2026-07-20,C-013,SN260200077,B5,24,41.18,3.0299,197.7,3.248
LOT-2602,2026-07-20,C-013,SN260200077,B5,96,41.69,3.007,198.9,3.458
LOT-2602,2026-07-20,C-013,SN260200077,B5,168,44.6,3.008,199.99,3.521
LOT-2602,2026-07-20,C-014,SN260200078,B6,0,31.06,3.0588,203.71,2.433
LOT-2602,2026-07-20,C-014,SN260200078,B6,24,32.91,3.0402,205.02,2.731
LOT-2602,2026-07-20,C-014,SN260200078,B6,96,36.96,3.0161,205.81,2.445
LOT-2602,2026-07-20,C-014,SN260200078,B6,168,37.01,3.0049,206.19,2.583
LOT-2602,2026-07-20,C-015,SN260200079,B7,0,54.61,3.1732,203.8,2.352
LOT-2602,2026-07-20,C-015,SN260200079,B7,24,58.31,3.1698,204.26,2.279
LOT-2602,2026-07-20,C-015,SN260200079,B7,96,61.51,3.172,205.89,2.305
LOT-2602,2026-07-20,C-015,SN260200079,B7,168,65.53,3.1722,206.27,2.284
LOT-2602,2026-07-20,C-016,SN260200080,B8,0,34.98,3.0061,204.65,3.028
LOT-2602,2026-07-20,C-016,SN260200080,B8,24,39.66,2.9835,205.88,3.21
LOT-2602,2026-07-20,C-016,SN260200080,B8,96,45.63,2.9748,208.31,3.32
LOT-2602,2026-07-20,C-016,SN260200080,B8,168,51.65,2.949,208.71,3.334
LOT-2602,2026-07-20,C-017,SN260200081,C1,0,49.33,2.9331,205.0,2.792
LOT-2602,2026-07-20,C-017,SN260200081,C1,24,51.91,2.926,206.26,2.986
LOT-2602,2026-07-20,C-017,SN260200081,C1,96,54.23,2.9061,207.24,2.936
LOT-2602,2026-07-20,C-017,SN260200081,C1,168,55.45,2.8985,207.2,2.795
LOT-2602,2026-07-20,C-018,SN260200082,C2,0,49.11,3.042,205.95,1.77
LOT-2602,2026-07-20,C-018,SN260200082,C2,24,50.67,3.0319,207.37,1.935
LOT-2602,2026-07-20,C-018,SN260200082,C2,96,56.48,3.0157,208.49,1.898
LOT-2602,2026-07-20,C-018,SN260200082,C2,168,61.21,3.0047,210.05,2.069
LOT-2602,2026-07-20,C-019,SN260200083,C3,0,43.95,3.0434,208.02,3.06
LOT-2602,2026-07-20,C-019,SN260200083,C3,24,44.23,3.03,206.43,3.017
LOT-2602,2026-07-20,C-019,SN260200083,C3,96,46.1,3.0153,208.4,3.261
LOT-2602,2026-07-20,C-019,SN260200083,C3,168,46.2,3.017,208.2,3.388
LOT-2602,2026-07-20,C-020,SN260200084,C4,0,32.2,2.9646,210.53,2.108
LOT-2602,2026-07-20,C-020,SN260200084,C4,24,32.68,2.9578,212.06,2.094
LOT-2602,2026-07-20,C-020,SN260200084,C4,96,32.08,2.9418,213.1,2.359
LOT-2602,2026-07-20,C-020,SN260200084,C4,168,34.88,2.939,213.36,2.317
LOT-2602,2026-07-20,C-021,SN260200085,C5,0,51.39,3.0821,203.81,2.536
LOT-2602,2026-07-20,C-021,SN260200085,C5,24,50.78,3.0691,204.69,2.527
LOT-2602,2026-07-20,C-021,SN260200085,C5,96,54.97,3.0442,206.72,2.803
LOT-2602,2026-07-20,C-021,SN260200085,C5,168,55.48,3.0331,206.37,2.97
LOT-2602,2026-07-20,C-022,SN260200086,C6,0,34.04,2.9459,201.29,1.972
LOT-2602,2026-07-20,C-022,SN260200086,C6,24,34.56,2.9349,202.38,1.991
LOT-2602,2026-07-20,C-022,SN260200086,C6,96,36.94,2.9067,203.4,1.981
LOT-2602,2026-07-20,C-022,SN260200086,C6,168,37.52,2.8968,203.89,2.248
LOT-2602,2026-07-20,C-023,SN260200087,C7,0,63.07,2.9413,200.97,2.918
LOT-2602,2026-07-20,C-023,SN260200087,C7,24,64.61,2.9331,201.07,2.89
LOT-2602,2026-07-20,C-023,SN260200087,C7,96,68.21,2.9363,201.01,3.403
LOT-2602,2026-07-20,C-023,SN260200087,C7,168,69.84,2.9344,200.92,3.119
LOT-2602,2026-07-20,C-024,SN260200088,C8,0,43.06,2.9343,211.38,1.731
LOT-2602,2026-07-20,C-024,SN260200088,C8,24,42.36,2.9243,212.23,1.772
LOT-2602,2026-07-20,C-024,SN260200088,C8,96,45.17,2.9119,214.22,1.888
LOT-2602,2026-07-20,C-024,SN260200088,C8,168,46.53,2.9002,214.29,1.977
LOT-2602,2026-07-20,C-025,SN260200089,D1,0,54.72,3.001,206.02,2.891
LOT-2602,2026-07-20,C-025,SN260200089,D1,24,56.82,2.9758,206.13,2.955
LOT-2602,2026-07-20,C-025,SN260200089,D1,96,59.7,2.9586,206.66,3.19
LOT-2602,2026-07-20,C-025,SN260200089,D1,168,59.49,2.9418,206.45,3.19
LOT-2602,2026-07-20,C-026,SN260200090,D2,0,31.35,3.0792,201.8,3.395
LOT-2602,2026-07-20,C-026,SN260200090,D2,24,33.79,3.0587,203.7,3.738
LOT-2602,2026-07-20,C-026,SN260200090,D2,96,37.58,3.0469,205.43,4.14
LOT-2602,2026-07-20,C-026,SN260200090,D2,168,39.5,3.0349,206.32,4.397
LOT-2602,2026-07-20,C-027,SN260200091,D3,0,52.4,3.0367,211.18,2.461
LOT-2602,2026-07-20,C-027,SN260200091,D3,24,57.59,3.0138,211.54,2.576
LOT-2602,2026-07-20,C-027,SN260200091,D3,96,62.29,2.987,212.43,2.848
LOT-2602,2026-07-20,C-027,SN260200091,D3,168,68.38,2.96,212.02,3.206
LOT-2602,2026-07-20,C-028,SN260200092,D4,0,41.64,3.0027,205.37,3.417
LOT-2602,2026-07-20,C-028,SN260200092,D4,24,44.25,2.9929,206.65,3.441
LOT-2602,2026-07-20,C-028,SN260200092,D4,96,48.33,2.9868,208.51,3.637
LOT-2602,2026-07-20,C-028,SN260200092,D4,168,51.11,2.9756,209.7,3.85
LOT-2602,2026-07-20,C-029,SN260200093,D5,0,46.94,3.008,203.67,2.351
LOT-2602,2026-07-20,C-029,SN260200093,D5,24,50.41,2.9926,204.65,2.392
LOT-2602,2026-07-20,C-029,SN260200093,D5,96,54.69,2.9918,206.85,2.664
LOT-2602,2026-07-20,C-029,SN260200093,D5,168,56.21,2.9783,208.03,2.608
LOT-2602,2026-07-20,C-030,SN260200094,D6,0,58.45,3.0134,202.9,2.847
LOT-2602,2026-07-20,C-030,SN260200094,D6,24,61.25,3.0165,204.96,3.289
LOT-2602,2026-07-20,C-030,SN260200094,D6,96,71.03,3.0224,205.85,3.783
LOT-2602,2026-07-20,C-030,SN260200094,D6,168,78.38,3.0176,207.33,4.205
LOT-2602,2026-07-20,C-031,SN260200095,D7,0,38.97,2.9566,192.73,1.708
LOT-2602,2026-07-20,C-031,SN260200095,D7,24,40.49,2.9534,193.24,1.796
LOT-2602,2026-07-20,C-031,SN260200095,D7,96,44.24,2.9712,194.39,1.83
LOT-2602,2026-07-20,C-031,SN260200095,D7,168,45.47,2.9717,193.84,1.729
LOT-2602,2026-07-20,C-032,SN260200096,D8,0,48.19,2.9411,205.85,1.725
LOT-2602,2026-07-20,C-032,SN260200096,D8,24,49.05,2.9511,217.69,1.788
LOT-2602,2026-07-20,C-032,SN260200096,D8,96,50.64,2.9551,234.58,1.91
LOT-2602,2026-07-20,C-032,SN260200096,D8,168,49.6,2.9566,245.96,1.865
LOT-2602,2026-07-20,C-033,SN260200097,E1,0,42.53,3.0837,203.2,3.715
LOT-2602,2026-07-20,C-033,SN260200097,E1,24,44.27,3.0721,204.75,3.954
LOT-2602,2026-07-20,C-033,SN260200097,E1,96,48.37,3.0635,206.42,4.179
LOT-2602,2026-07-20,C-033,SN260200097,E1,168,50.85,3.0535,206.39,4.084
LOT-2602,2026-07-20,C-034,SN260200098,E2,0,55.89,2.9538,207.18,1.79
LOT-2602,2026-07-20,C-034,SN260200098,E2,24,61.25,2.938,208.61,1.851
LOT-2602,2026-07-20,C-034,SN260200098,E2,96,66.57,2.941,210.41,2.032
LOT-2602,2026-07-20,C-034,SN260200098,E2,168,68.8,2.9374,211.12,2.082
LOT-2602,2026-07-20,C-035,SN260200099,E3,0,37.95,3.0295,202.21,2.248
LOT-2602,2026-07-20,C-035,SN260200099,E3,24,39.66,3.0316,204.3,2.254
LOT-2602,2026-07-20,C-035,SN260200099,E3,96,44.1,3.0119,204.76,2.467
LOT-2602,2026-07-20,C-035,SN260200099,E3,168,43.07,3.0078,205.62,2.608
LOT-2602,2026-07-20,C-036,SN260200100,E4,0,40.32,3.0135,204.68,1.715
LOT-2602,2026-07-20,C-036,SN260200100,E4,24,43.25,3.0016,205.24,1.963
LOT-2602,2026-07-20,C-036,SN260200100,E4,96,47.72,2.9879,206.1,2.225
LOT-2602,2026-07-20,C-036,SN260200100,E4,168,54.29,2.9842,206.67,2.323
LOT-2602,2026-07-20,C-037,SN260200101,E5,0,50.37,2.9331,201.14,2.053
LOT-2602,2026-07-20,C-037,SN260200101,E5,24,54.6,2.9115,201.64,2.122
LOT-2602,2026-07-20,C-037,SN260200101,E5,96,63.4,2.9075,203.12,2.227
LOT-2602,2026-07-20,C-037,SN260200101,E5,168,66.18,2.8868,203.34,2.372
LOT-2602,2026-07-20,C-038,SN260200102,E6,0,49.74,3.0307,210.21,1.959
LOT-2602,2026-07-20,C-038,SN260200102,E6,24,52.89,3.0256,212.06,2.13
LOT-2602,2026-07-20,C-038,SN260200102,E6,96,58.39,3.0253,213.68,2.266
LOT-2602,2026-07-20,C-038,SN260200102,E6,168,59.74,3.0259,213.87,2.305
LOT-2602,2026-07-20,C-039,SN260200103,E7,0,48.44,2.9719,202.58,2.532
LOT-2602,2026-07-20,C-039,SN260200103,E7,24,50.54,2.9783,203.53,2.728
LOT-2602,2026-07-20,C-039,SN260200103,E7,96,54.9,2.9639,205.28,2.891
LOT-2602,2026-07-20,C-039,SN260200103,E7,168,57.08,2.9661,205.31,3.099
LOT-2602,2026-07-20,C-040,SN260200104,E8,0,61.37,2.9801,204.12,3.372
LOT-2602,2026-07-20,C-040,SN260200104,E8,24,62.6,2.9765,204.91,3.74
LOT-2602,2026-07-20,C-040,SN260200104,E8,96,67.21,2.9672,205.11,3.628
LOT-2602,2026-07-20,C-040,SN260200104,E8,168,67.94,2.961,206.17,3.763
LOT-2602,2026-07-20,C-041,SN260200105,F1,0,42.38,2.9821,205.53,2.78
LOT-2602,2026-07-20,C-041,SN260200105,F1,24,43.88,2.9776,206.7,3.291
LOT-2602,2026-07-20,C-041,SN260200105,F1,96,46.74,2.9708,207.86,3.392
LOT-2602,2026-07-20,C-041,SN260200105,F1,168,49.92,2.9649,209.66,3.764
LOT-2602,2026-07-20,C-042,SN260200106,F2,0,37.81,2.8794,206.58,2.635
LOT-2602,2026-07-20,C-042,SN260200106,F2,24,39.28,2.8778,206.93,2.751
LOT-2602,2026-07-20,C-042,SN260200106,F2,96,43.72,2.8626,208.75,2.872
LOT-2602,2026-07-20,C-042,SN260200106,F2,168,45.38,2.8578,209.0,3.064
LOT-2602,2026-07-20,C-043,SN260200107,F3,0,35.42,2.9415,205.1,3.312
LOT-2602,2026-07-20,C-043,SN260200107,F3,24,39.55,2.9407,206.99,3.495
LOT-2602,2026-07-20,C-043,SN260200107,F3,96,41.32,2.9367,207.59,3.786
LOT-2602,2026-07-20,C-043,SN260200107,F3,168,45.53,2.9337,208.34,3.929
LOT-2602,2026-07-20,C-044,SN260200108,F4,0,39.29,2.9458,207.96,1.209
LOT-2602,2026-07-20,C-044,SN260200108,F4,24,41.73,2.9375,209.52,1.405
LOT-2602,2026-07-20,C-044,SN260200108,F4,96,42.95,2.905,209.78,1.509
LOT-2602,2026-07-20,C-044,SN260200108,F4,168,42.91,2.9052,210.9,1.623
LOT-2602,2026-07-20,C-045,SN260200109,F5,0,36.44,2.9794,207.32,2.253
LOT-2602,2026-07-20,C-045,SN260200109,F5,24,42.43,2.9664,208.68,2.502
LOT-2602,2026-07-20,C-045,SN260200109,F5,96,45.63,2.953,209.25,2.385
LOT-2602,2026-07-20,C-045,SN260200109,F5,168,47.26,2.9481,208.8,2.612
LOT-2602,2026-07-20,C-046,SN260200110,F6,0,55.41,3.0388,209.4,2.398
LOT-2602,2026-07-20,C-046,SN260200110,F6,24,61.69,3.014,210.31,2.48
LOT-2602,2026-07-20,C-046,SN260200110,F6,96,68.11,2.9819,212.11,2.752
LOT-2602,2026-07-20,C-046,SN260200110,F6,168,69.53,2.9669,213.22,2.58
LOT-2602,2026-07-20,C-047,SN260200111,F7,0,42.74,2.9782,208.1,2.367
LOT-2602,2026-07-20,C-047,SN260200111,F7,24,46.07,2.9776,208.65,2.522
LOT-2602,2026-07-20,C-047,SN260200111,F7,96,49.0,2.9669,210.5,2.515
LOT-2602,2026-07-20,C-047,SN260200111,F7,168,53.68,2.9648,211.21,2.561
LOT-2602,2026-07-20,C-048,SN260200112,F8,0,62.13,2.8869,209.79,1.923
LOT-2602,2026-07-20,C-048,SN260200112,F8,24,64.3,2.8805,210.24,2.226
LOT-2602,2026-07-20,C-048,SN260200112,F8,96,68.61,2.8589,210.5,2.414
LOT-2602,2026-07-20,C-048,SN260200112,F8,168,73.31,2.851,211.49,2.681
LOT-2602,2026-07-20,C-049,SN260200113,G1,0,42.18,3.8592,195.62,2.26
LOT-2602,2026-07-20,C-049,SN260200113,G1,24,48.47,3.9065,196.86,2.474
LOT-2602,2026-07-20,C-049,SN260200113,G1,96,51.81,3.9505,197.62,2.634
LOT-2602,2026-07-20,C-049,SN260200113,G1,168,57.76,3.9812,198.47,2.738
LOT-2602,2026-07-20,C-050,SN260200114,G2,0,49.96,2.9677,205.16,2.729
LOT-2602,2026-07-20,C-050,SN260200114,G2,24,54.75,2.9601,206.5,2.979
LOT-2602,2026-07-20,C-050,SN260200114,G2,96,60.7,2.9458,207.15,3.328
LOT-2602,2026-07-20,C-050,SN260200114,G2,168,63.84,2.9349,207.24,3.56
LOT-2602,2026-07-20,C-051,SN260200115,G3,0,56.3,3.205,204.32,4.13
LOT-2602,2026-07-20,C-051,SN260200115,G3,24,59.31,3.1985,206.05,4.397
LOT-2602,2026-07-20,C-051,SN260200115,G3,96,65.04,3.1918,208.22,4.717
LOT-2602,2026-07-20,C-051,SN260200115,G3,168,65.25,3.1799,208.79,4.771
LOT-2602,2026-07-20,C-052,SN260200116,G4,0,66.68,3.0264,202.93,1.888
LOT-2602,2026-07-20,C-052,SN260200116,G4,24,72.06,3.0187,203.9,2.139
LOT-2602,2026-07-20,C-052,SN260200116,G4,96,70.41,3.0058,207.12,2.247
LOT-2602,2026-07-20,C-052,SN260200116,G4,168,69.25,3.0042,209.4,2.389
LOT-2602,2026-07-20,C-053,SN260200117,G5,0,48.23,3.0542,202.88,1.894
LOT-2602,2026-07-20,C-053,SN260200117,G5,24,49.18,3.0403,203.57,1.982
LOT-2602,2026-07-20,C-053,SN260200117,G5,96,51.79,3.0139,205.24,2.045
LOT-2602,2026-07-20,C-053,SN260200117,G5,168,56.71,3.0213,206.01,2.111
LOT-2602,2026-07-20,C-054,SN260200118,G6,0,72.53,2.9582,205.38,2.495
LOT-2602,2026-07-20,C-054,SN260200118,G6,24,76.22,2.9474,206.15,2.354
LOT-2602,2026-07-20,C-054,SN260200118,G6,96,80.22,2.9346,207.48,2.708
LOT-2602,2026-07-20,C-054,SN260200118,G6,168,79.91,2.9259,208.85,2.898
LOT-2602,2026-07-20,C-055,SN260200119,G7,0,50.84,2.9647,205.88,3.229
LOT-2602,2026-07-20,C-055,SN260200119,G7,24,51.03,2.9548,207.91,3.377
LOT-2602,2026-07-20,C-055,SN260200119,G7,96,54.5,2.5658,209.85,3.336
LOT-2602,2026-07-20,C-055,SN260200119,G7,168,53.38,2.5627,210.77,3.844
LOT-2602,2026-07-20,C-056,SN260200120,G8,0,39.14,3.0446,209.61,1.841
LOT-2602,2026-07-20,C-056,SN260200120,G8,24,41.53,3.045,211.07,1.831
LOT-2602,2026-07-20,C-056,SN260200120,G8,96,42.25,3.0445,212.2,1.958
LOT-2602,2026-07-20,C-056,SN260200120,G8,168,47.15,3.0459,211.79,2.08
LOT-2602,2026-07-20,C-057,SN260200121,H1,0,72.13,2.9663,211.34,3.542
LOT-2602,2026-07-20,C-057,SN260200121,H1,24,77.95,2.9637,211.88,3.812
LOT-2602,2026-07-20,C-057,SN260200121,H1,96,83.88,2.9409,211.35,3.737
LOT-2602,2026-07-20,C-057,SN260200121,H1,168,87.57,2.9197,212.93,3.86
LOT-2602,2026-07-20,C-058,SN260200122,H2,0,45.41,3.0811,215.37,3.459
LOT-2602,2026-07-20,C-058,SN260200122,H2,24,49.46,3.0651,217.28,3.559
LOT-2602,2026-07-20,C-058,SN260200122,H2,96,54.98,3.0472,217.17,3.578
LOT-2602,2026-07-20,C-058,SN260200122,H2,168,57.79,3.0305,218.1,3.748
LOT-2602,2026-07-20,C-059,SN260200123,H3,0,56.96,3.0516,202.75,2.912
LOT-2602,2026-07-20,C-059,SN260200123,H3,24,57.6,3.0374,203.71,3.29
LOT-2602,2026-07-20,C-059,SN260200123,H3,96,59.32,3.0233,203.44,3.699
LOT-2602,2026-07-20,C-059,SN260200123,H3,168,64.76,3.0075,205.53,3.747
LOT-2602,2026-07-20,C-060,SN260200124,H4,0,71.47,3.0581,204.75,2.346
LOT-2602,2026-07-20,C-060,SN260200124,H4,24,78.08,3.0284,205.91,2.476
LOT-2602,2026-07-20,C-060,SN260200124,H4,96,85.25,3.0137,205.69,2.645
LOT-2602,2026-07-20,C-060,SN260200124,H4,168,92.96,2.9986,207.72,2.96
LOT-2602,2026-07-20,C-061,SN260200125,H5,0,40.79,3.0585,200.01,3.591
LOT-2602,2026-07-20,C-061,SN260200125,H5,24,43.37,3.0431,201.32,4.218
LOT-2602,2026-07-20,C-061,SN260200125,H5,96,46.8,3.0386,204.19,4.761
LOT-2602,2026-07-20,C-061,SN260200125,H5,168,49.54,3.0401,205.94,5.41
LOT-2602,2026-07-20,C-062,SN260200126,H6,0,46.88,3.0715,205.57,3.167
LOT-2602,2026-07-20,C-062,SN260200126,H6,24,52.1,3.0651,206.32,3.228
LOT-2602,2026-07-20,C-062,SN260200126,H6,96,58.31,3.0553,207.19,3.656
LOT-2602,2026-07-20,C-062,SN260200126,H6,168,61.47,3.0454,208.07,3.905
LOT-2602,2026-07-20,C-063,SN260200127,H7,0,29.63,2.853,208.21,2.181
LOT-2602,2026-07-20,C-063,SN260200127,H7,24,31.9,2.8318,209.0,2.172
LOT-2602,2026-07-20,C-063,SN260200127,H7,96,35.53,2.8184,211.0,2.306
LOT-2602,2026-07-20,C-063,SN260200127,H7,168,38.07,2.7942,210.13,2.34
LOT-2602,2026-07-20,C-064,SN260200128,H8,0,36.74,2.9999,197.62,2.742
LOT-2602,2026-07-20,C-064,SN260200128,H8,24,40.43,2.9792,199.36,3.123
LOT-2602,2026-07-20,C-064,SN260200128,H8,96,44.94,2.9776,200.37,3.002
LOT-2602,2026-07-20,C-064,SN260200128,H8,168,47.61,2.9575,200.46,3.322
LOT-2603,2026-08-03,C-001,SN260300129,A1,0,39.55,3.0662,202.13,2.869
LOT-2603,2026-08-03,C-001,SN260300129,A1,24,44.24,3.0627,203.65,2.946
LOT-2603,2026-08-03,C-001,SN260300129,A1,96,45.36,3.0532,206.2,2.952
LOT-2603,2026-08-03,C-001,SN260300129,A1,168,47.87,3.052,206.07,3.158
LOT-2603,2026-08-03,C-002,SN260300130,A2,0,58.29,2.9007,197.15,2.355
LOT-2603,2026-08-03,C-002,SN260300130,A2,24,63.75,2.9096,199.1,2.341
LOT-2603,2026-08-03,C-002,SN260300130,A2,96,68.55,2.8991,200.82,2.471
LOT-2603,2026-08-03,C-002,SN260300130,A2,168,71.07,2.9104,202.16,2.49
LOT-2603,2026-08-03,C-003,SN260300131,A3,0,28.88,3.0488,204.77,3.296
LOT-2603,2026-08-03,C-003,SN260300131,A3,24,31.14,3.0416,205.73,3.577
LOT-2603,2026-08-03,C-003,SN260300131,A3,96,35.23,3.0435,207.04,3.741
LOT-2603,2026-08-03,C-003,SN260300131,A3,168,37.72,3.0582,206.71,3.71
LOT-2603,2026-08-03,C-004,SN260300132,A4,0,43.87,3.0846,192.0,2.303
LOT-2603,2026-08-03,C-004,SN260300132,A4,24,43.82,3.0748,192.81,2.221
LOT-2603,2026-08-03,C-004,SN260300132,A4,96,46.08,3.0582,193.54,2.281
LOT-2603,2026-08-03,C-004,SN260300132,A4,168,48.0,3.0644,194.05,2.481
LOT-2603,2026-08-03,C-005,SN260300133,A5,0,47.76,2.9466,202.0,2.354
LOT-2603,2026-08-03,C-005,SN260300133,A5,24,48.88,2.9304,203.68,2.58
LOT-2603,2026-08-03,C-005,SN260300133,A5,96,48.8,2.9334,204.71,3.045
LOT-2603,2026-08-03,C-005,SN260300133,A5,168,49.79,2.9176,205.62,3.102
LOT-2603,2026-08-03,C-006,SN260300134,A6,0,39.75,3.1168,201.85,2.105
LOT-2603,2026-08-03,C-006,SN260300134,A6,24,43.75,3.1054,202.33,2.446
LOT-2603,2026-08-03,C-006,SN260300134,A6,96,50.22,3.0941,203.54,2.739
LOT-2603,2026-08-03,C-006,SN260300134,A6,168,58.73,3.08,204.93,2.94
LOT-2603,2026-08-03,C-007,SN260300135,A7,0,41.32,2.8785,215.1,1.493
LOT-2603,2026-08-03,C-007,SN260300135,A7,24,46.29,2.873,215.11,1.548
LOT-2603,2026-08-03,C-007,SN260300135,A7,96,52.24,2.8569,215.91,1.566
LOT-2603,2026-08-03,C-007,SN260300135,A7,168,54.59,2.8557,215.72,1.554
LOT-2603,2026-08-03,C-008,SN260300136,A8,0,31.62,2.8717,205.38,2.763
LOT-2603,2026-08-03,C-008,SN260300136,A8,24,33.14,2.8646,206.4,2.928
LOT-2603,2026-08-03,C-008,SN260300136,A8,96,33.02,2.8682,207.85,3.04
LOT-2603,2026-08-03,C-008,SN260300136,A8,168,33.51,2.8698,208.7,2.983
LOT-2603,2026-08-03,C-009,SN260300137,B1,0,35.94,2.963,209.13,2.028
LOT-2603,2026-08-03,C-009,SN260300137,B1,24,37.16,2.9514,209.21,1.972
LOT-2603,2026-08-03,C-009,SN260300137,B1,96,39.18,2.9415,209.99,2.008
LOT-2603,2026-08-03,C-009,SN260300137,B1,168,41.09,2.9278,209.61,1.954
LOT-2603,2026-08-03,C-010,SN260300138,B2,0,37.68,2.9862,192.24,3.055
LOT-2603,2026-08-03,C-010,SN260300138,B2,24,39.53,2.9878,193.14,3.12
LOT-2603,2026-08-03,C-010,SN260300138,B2,96,41.35,2.9826,194.64,3.469
LOT-2603,2026-08-03,C-010,SN260300138,B2,168,45.38,2.9856,195.96,3.403
LOT-2603,2026-08-03,C-011,SN260300139,B3,0,49.5,3.1318,202.72,2.694
LOT-2603,2026-08-03,C-011,SN260300139,B3,24,50.03,3.0122,204.69,2.576
LOT-2603,2026-08-03,C-011,SN260300139,B3,96,52.95,2.8486,206.17,2.787
LOT-2603,2026-08-03,C-011,SN260300139,B3,168,55.56,2.7234,208.93,2.673
LOT-2603,2026-08-03,C-012,SN260300140,B4,0,59.34,3.0966,202.16,2.815
LOT-2603,2026-08-03,C-012,SN260300140,B4,24,67.67,3.0938,203.75,3.114
LOT-2603,2026-08-03,C-012,SN260300140,B4,96,76.21,3.0854,206.33,3.119
LOT-2603,2026-08-03,C-012,SN260300140,B4,168,84.58,3.073,207.85,3.085
LOT-2603,2026-08-03,C-013,SN260300141,B5,0,46.86,2.921,210.44,3.393
LOT-2603,2026-08-03,C-013,SN260300141,B5,24,48.59,2.9046,211.52,3.409
LOT-2603,2026-08-03,C-013,SN260300141,B5,96,51.62,2.8945,213.13,3.463
LOT-2603,2026-08-03,C-013,SN260300141,B5,168,50.56,2.8935,212.9,3.831
LOT-2603,2026-08-03,C-014,SN260300142,B6,0,55.72,3.0868,207.84,3.02
LOT-2603,2026-08-03,C-014,SN260300142,B6,24,58.54,3.0822,208.45,2.869
LOT-2603,2026-08-03,C-014,SN260300142,B6,96,61.3,3.0711,208.54,2.828
LOT-2603,2026-08-03,C-014,SN260300142,B6,168,69.75,3.0653,209.3,2.772
LOT-2603,2026-08-03,C-015,SN260300143,B7,0,45.13,3.0335,203.7,3.199
LOT-2603,2026-08-03,C-015,SN260300143,B7,24,49.88,3.0226,204.98,3.477
LOT-2603,2026-08-03,C-015,SN260300143,B7,96,54.87,2.6266,206.78,3.548
LOT-2603,2026-08-03,C-015,SN260300143,B7,168,56.89,2.6278,208.74,3.555
LOT-2603,2026-08-03,C-016,SN260300144,B8,0,36.54,3.0643,200.16,2.819
LOT-2603,2026-08-03,C-016,SN260300144,B8,24,38.51,3.0523,200.67,2.957
LOT-2603,2026-08-03,C-016,SN260300144,B8,96,40.56,3.0484,201.74,3.039
LOT-2603,2026-08-03,C-016,SN260300144,B8,168,41.56,3.0417,202.52,3.403
LOT-2603,2026-08-03,C-017,SN260300145,C1,0,39.43,3.063,209.68,3.041
LOT-2603,2026-08-03,C-017,SN260300145,C1,24,38.36,3.054,209.56,3.189
LOT-2603,2026-08-03,C-017,SN260300145,C1,96,39.82,3.0463,211.42,3.409
LOT-2603,2026-08-03,C-017,SN260300145,C1,168,42.47,3.0427,211.48,3.377
LOT-2603,2026-08-03,C-018,SN260300146,C2,0,32.24,2.9075,207.66,3.74
LOT-2603,2026-08-03,C-018,SN260300146,C2,24,35.37,2.8963,207.46,3.939
LOT-2603,2026-08-03,C-018,SN260300146,C2,96,39.66,2.8687,208.81,4.074
LOT-2603,2026-08-03,C-018,SN260300146,C2,168,42.47,2.8517,208.84,3.869
LOT-2603,2026-08-03,C-019,SN260300147,C3,0,48.72,2.9491,205.5,2.336
LOT-2603,2026-08-03,C-019,SN260300147,C3,24,50.1,2.9443,207.25,2.619
LOT-2603,2026-08-03,C-019,SN260300147,C3,96,52.61,2.9212,209.12,2.84
LOT-2603,2026-08-03,C-019,SN260300147,C3,168,53.73,2.9218,210.84,3.115
LOT-2603,2026-08-03,C-020,SN260300148,C4,0,50.95,3.0367,201.83,1.782
LOT-2603,2026-08-03,C-020,SN260300148,C4,24,50.72,3.0293,201.77,1.857
LOT-2603,2026-08-03,C-020,SN260300148,C4,96,55.0,3.0131,202.21,2.037
LOT-2603,2026-08-03,C-020,SN260300148,C4,168,54.96,3.0057,202.07,2.12
LOT-2603,2026-08-03,C-021,SN260300149,C5,0,38.66,3.0401,209.31,2.948
LOT-2603,2026-08-03,C-021,SN260300149,C5,24,39.67,3.0438,210.47,3.468
LOT-2603,2026-08-03,C-021,SN260300149,C5,96,45.58,3.0434,211.38,3.757
LOT-2603,2026-08-03,C-021,SN260300149,C5,168,47.38,3.0427,211.59,4.26
LOT-2603,2026-08-03,C-022,SN260300150,C6,0,39.21,3.0176,207.72,2.457
LOT-2603,2026-08-03,C-022,SN260300150,C6,24,42.66,2.9973,208.74,2.812
LOT-2603,2026-08-03,C-022,SN260300150,C6,96,45.53,2.9754,209.39,3.198
LOT-2603,2026-08-03,C-022,SN260300150,C6,168,47.2,2.9606,211.06,3.529
LOT-2603,2026-08-03,C-023,SN260300151,C7,0,37.65,2.9763,200.22,3.146
LOT-2603,2026-08-03,C-023,SN260300151,C7,24,42.33,2.9674,200.48,2.94
LOT-2603,2026-08-03,C-023,SN260300151,C7,96,45.93,2.9468,202.06,3.037
LOT-2603,2026-08-03,C-023,SN260300151,C7,168,49.4,2.9363,203.69,3.01
LOT-2603,2026-08-03,C-024,SN260300152,C8,0,52.81,3.0359,200.19,4.164
LOT-2603,2026-08-03,C-024,SN260300152,C8,24,58.01,3.0219,201.99,3.956
LOT-2603,2026-08-03,C-024,SN260300152,C8,96,61.26,3.0156,202.85,4.029
LOT-2603,2026-08-03,C-024,SN260300152,C8,168,62.41,2.9958,204.56,4.125
LOT-2603,2026-08-03,C-025,SN260300153,D1,0,35.71,3.0747,196.75,2.447
LOT-2603,2026-08-03,C-025,SN260300153,D1,24,39.05,3.0606,197.87,2.623
LOT-2603,2026-08-03,C-025,SN260300153,D1,96,307.5,3.0519,199.75,3.007
LOT-2603,2026-08-03,C-025,SN260300153,D1,168,318.47,3.0367,200.45,3.182
LOT-2603,2026-08-03,C-026,SN260300154,D2,0,43.17,2.9635,216.1,5.785
LOT-2603,2026-08-03,C-026,SN260300154,D2,24,45.3,2.9533,217.33,5.689
LOT-2603,2026-08-03,C-026,SN260300154,D2,96,44.46,2.9693,218.75,5.35
LOT-2603,2026-08-03,C-026,SN260300154,D2,168,46.66,2.9612,219.58,5.0
LOT-2603,2026-08-03,C-027,SN260300155,D3,0,41.1,3.0139,205.42,2.776
LOT-2603,2026-08-03,C-027,SN260300155,D3,24,46.04,3.0077,207.71,2.806
LOT-2603,2026-08-03,C-027,SN260300155,D3,96,48.94,2.9998,208.22,2.811
LOT-2603,2026-08-03,C-027,SN260300155,D3,168,52.07,3.0006,208.96,2.996
LOT-2603,2026-08-03,C-028,SN260300156,D4,0,48.46,3.0209,201.57,2.847
LOT-2603,2026-08-03,C-028,SN260300156,D4,24,52.17,3.0059,203.75,2.875
LOT-2603,2026-08-03,C-028,SN260300156,D4,96,55.57,3.0003,205.14,3.181
LOT-2603,2026-08-03,C-028,SN260300156,D4,168,57.11,3.0019,205.82,3.229
LOT-2603,2026-08-03,C-029,SN260300157,D5,0,50.95,2.9206,203.02,3.479
LOT-2603,2026-08-03,C-029,SN260300157,D5,24,50.82,2.904,204.43,3.692
LOT-2603,2026-08-03,C-029,SN260300157,D5,96,55.01,2.9102,206.56,3.811
LOT-2603,2026-08-03,C-029,SN260300157,D5,168,57.0,2.8931,206.73,3.996
LOT-2603,2026-08-03,C-030,SN260300158,D6,0,42.88,3.0011,200.88,3.86
LOT-2603,2026-08-03,C-030,SN260300158,D6,24,43.47,2.9957,203.05,3.628
LOT-2603,2026-08-03,C-030,SN260300158,D6,96,44.62,2.9868,204.52,3.685
LOT-2603,2026-08-03,C-030,SN260300158,D6,168,44.7,2.9774,205.98,3.621
LOT-2603,2026-08-03,C-031,SN260300159,D7,0,42.8,2.942,202.2,3.102
LOT-2603,2026-08-03,C-031,SN260300159,D7,24,46.89,2.936,204.11,3.483
LOT-2603,2026-08-03,C-031,SN260300159,D7,96,46.53,2.9182,204.91,3.401
LOT-2603,2026-08-03,C-031,SN260300159,D7,168,48.59,2.9248,205.01,3.546
LOT-2603,2026-08-03,C-032,SN260300160,D8,0,41.8,2.9665,208.93,2.291
LOT-2603,2026-08-03,C-032,SN260300160,D8,24,45.08,2.948,210.75,2.412
LOT-2603,2026-08-03,C-032,SN260300160,D8,96,49.19,2.9289,212.38,2.679
LOT-2603,2026-08-03,C-032,SN260300160,D8,168,50.39,2.9201,213.9,2.922
LOT-2603,2026-08-03,C-033,SN260300161,E1,0,44.35,3.1484,211.98,3.994
LOT-2603,2026-08-03,C-033,SN260300161,E1,24,46.41,3.1339,213.58,4.342
LOT-2603,2026-08-03,C-033,SN260300161,E1,96,48.84,3.128,215.46,4.723
LOT-2603,2026-08-03,C-033,SN260300161,E1,168,51.68,3.1215,215.4,5.079
LOT-2603,2026-08-03,C-034,SN260300162,E2,0,39.27,3.0072,204.61,1.403
LOT-2603,2026-08-03,C-034,SN260300162,E2,24,43.01,2.9912,205.78,1.666
LOT-2603,2026-08-03,C-034,SN260300162,E2,96,48.13,2.9739,207.71,1.722
LOT-2603,2026-08-03,C-034,SN260300162,E2,168,52.09,2.9584,208.97,1.953
LOT-2603,2026-08-03,C-035,SN260300163,E3,0,48.42,3.0826,196.92,1.895
LOT-2603,2026-08-03,C-035,SN260300163,E3,24,51.45,3.0715,199.03,2.032
LOT-2603,2026-08-03,C-035,SN260300163,E3,96,53.34,3.0644,201.06,2.19
LOT-2603,2026-08-03,C-035,SN260300163,E3,168,56.51,3.0506,203.53,2.227
LOT-2603,2026-08-03,C-036,SN260300164,E4,0,41.2,2.8949,208.49,5.375
LOT-2603,2026-08-03,C-036,SN260300164,E4,24,43.76,2.8844,209.21,5.862
LOT-2603,2026-08-03,C-036,SN260300164,E4,96,46.45,2.879,209.56,5.794
LOT-2603,2026-08-03,C-036,SN260300164,E4,168,47.26,2.8651,210.46,5.78
LOT-2603,2026-08-03,C-037,SN260300165,E5,0,41.43,2.9393,204.58,2.294
LOT-2603,2026-08-03,C-037,SN260300165,E5,24,46.69,2.9242,204.5,2.468
LOT-2603,2026-08-03,C-037,SN260300165,E5,96,51.27,2.9082,205.62,2.628
LOT-2603,2026-08-03,C-037,SN260300165,E5,168,56.29,2.8964,206.66,2.611
LOT-2603,2026-08-03,C-038,SN260300166,E6,0,63.9,2.9796,206.56,2.721
LOT-2603,2026-08-03,C-038,SN260300166,E6,24,68.32,2.9786,206.85,3.239
LOT-2603,2026-08-03,C-038,SN260300166,E6,96,73.54,2.9745,208.61,3.714
LOT-2603,2026-08-03,C-038,SN260300166,E6,168,79.26,2.9729,208.59,4.043
LOT-2603,2026-08-03,C-039,SN260300167,E7,0,47.02,3.0492,211.96,1.747
LOT-2603,2026-08-03,C-039,SN260300167,E7,24,57.77,3.0527,213.5,1.922
LOT-2603,2026-08-03,C-039,SN260300167,E7,96,62.37,3.0503,213.93,1.984
LOT-2603,2026-08-03,C-039,SN260300167,E7,168,66.03,3.0478,214.18,2.126
LOT-2603,2026-08-03,C-040,SN260300168,E8,0,46.8,3.0453,201.11,2.873
LOT-2603,2026-08-03,C-040,SN260300168,E8,24,46.17,3.0369,201.75,3.02
LOT-2603,2026-08-03,C-040,SN260300168,E8,96,48.98,3.0233,203.18,3.105
LOT-2603,2026-08-03,C-040,SN260300168,E8,168,49.86,3.0149,203.55,3.054
LOT-2603,2026-08-03,C-041,SN260300169,F1,0,76.39,3.0037,208.45,2.329
LOT-2603,2026-08-03,C-041,SN260300169,F1,24,81.16,3.0017,210.05,2.604
LOT-2603,2026-08-03,C-041,SN260300169,F1,96,83.51,2.9882,210.21,3.204
LOT-2603,2026-08-03,C-041,SN260300169,F1,168,87.94,2.9804,210.45,3.416
LOT-2603,2026-08-03,C-042,SN260300170,F2,0,43.32,2.9304,206.51,1.877
LOT-2603,2026-08-03,C-042,SN260300170,F2,24,43.23,2.92,208.29,1.998
LOT-2603,2026-08-03,C-042,SN260300170,F2,96,46.73,2.8939,208.92,1.958
LOT-2603,2026-08-03,C-042,SN260300170,F2,168,47.93,2.8898,209.9,2.158
LOT-2603,2026-08-03,C-043,SN260300171,F3,0,38.38,2.9805,211.26,2.436
LOT-2603,2026-08-03,C-043,SN260300171,F3,24,40.44,2.954,212.38,2.691
LOT-2603,2026-08-03,C-043,SN260300171,F3,96,40.8,2.952,213.58,2.943
LOT-2603,2026-08-03,C-043,SN260300171,F3,168,42.48,2.9392,213.58,3.295
LOT-2603,2026-08-03,C-044,SN260300172,F4,0,47.68,3.0019,211.13,2.26
LOT-2603,2026-08-03,C-044,SN260300172,F4,24,51.87,2.9976,212.84,2.496
LOT-2603,2026-08-03,C-044,SN260300172,F4,96,60.11,2.9841,213.78,2.752
LOT-2603,2026-08-03,C-044,SN260300172,F4,168,63.73,2.9765,214.65,2.916
LOT-2603,2026-08-03,C-045,SN260300173,F5,0,52.48,3.0281,209.23,2.396
LOT-2603,2026-08-03,C-045,SN260300173,F5,24,53.88,3.0118,212.04,2.552
LOT-2603,2026-08-03,C-045,SN260300173,F5,96,57.36,2.9965,214.4,2.798
LOT-2603,2026-08-03,C-045,SN260300173,F5,168,58.0,2.9927,216.72,2.824
LOT-2603,2026-08-03,C-046,SN260300174,F6,0,40.23,2.9916,204.57,3.328
LOT-2603,2026-08-03,C-046,SN260300174,F6,24,44.98,2.9891,205.81,3.592
LOT-2603,2026-08-03,C-046,SN260300174,F6,96,48.38,2.9833,205.98,3.477
LOT-2603,2026-08-03,C-046,SN260300174,F6,168,50.05,2.9731,207.54,3.9
LOT-2603,2026-08-03,C-047,SN260300175,F7,0,46.61,2.9703,205.22,2.573
LOT-2603,2026-08-03,C-047,SN260300175,F7,24,51.72,2.9531,205.68,2.826
LOT-2603,2026-08-03,C-047,SN260300175,F7,96,58.82,2.9407,206.06,2.936
LOT-2603,2026-08-03,C-047,SN260300175,F7,168,58.54,2.9311,205.58,2.972
LOT-2603,2026-08-03,C-048,SN260300176,F8,0,30.87,2.9689,207.39,2.55
LOT-2603,2026-08-03,C-048,SN260300176,F8,24,35.72,2.9615,208.88,2.8
LOT-2603,2026-08-03,C-048,SN260300176,F8,96,38.85,2.9503,209.82,3.022
LOT-2603,2026-08-03,C-048,SN260300176,F8,168,40.75,2.9442,210.66,3.301
LOT-2603,2026-08-03,C-049,SN260300177,G1,0,40.29,2.9381,205.28,1.922
LOT-2603,2026-08-03,C-049,SN260300177,G1,24,44.15,2.9354,207.12,2.098
LOT-2603,2026-08-03,C-049,SN260300177,G1,96,50.19,2.9245,208.44,2.295
LOT-2603,2026-08-03,C-049,SN260300177,G1,168,53.21,2.9189,210.08,2.511
LOT-2603,2026-08-03,C-050,SN260300178,G2,0,48.85,3.0563,206.11,2.269
LOT-2603,2026-08-03,C-050,SN260300178,G2,24,51.49,3.0423,206.75,2.539
LOT-2603,2026-08-03,C-050,SN260300178,G2,96,55.06,3.0108,206.47,2.549
LOT-2603,2026-08-03,C-050,SN260300178,G2,168,61.04,3.004,207.4,2.491
LOT-2603,2026-08-03,C-051,SN260300179,G3,0,60.83,3.0743,210.75,3.805
LOT-2603,2026-08-03,C-051,SN260300179,G3,24,66.69,3.0612,211.56,4.092
LOT-2603,2026-08-03,C-051,SN260300179,G3,96,72.07,3.0625,212.95,4.592
LOT-2603,2026-08-03,C-051,SN260300179,G3,168,71.45,3.0589,212.67,4.592
LOT-2603,2026-08-03,C-052,SN260300180,G4,0,61.49,2.9379,207.46,1.601
LOT-2603,2026-08-03,C-052,SN260300180,G4,24,67.28,2.9384,207.39,1.621
LOT-2603,2026-08-03,C-052,SN260300180,G4,96,71.19,2.9353,207.51,1.585
LOT-2603,2026-08-03,C-052,SN260300180,G4,168,74.71,2.9243,207.72,1.649
LOT-2603,2026-08-03,C-053,SN260300181,G5,0,36.08,2.9152,212.03,2.758
LOT-2603,2026-08-03,C-053,SN260300181,G5,24,40.04,2.9065,213.33,2.698
LOT-2603,2026-08-03,C-053,SN260300181,G5,96,44.29,2.8918,215.32,2.826
LOT-2603,2026-08-03,C-053,SN260300181,G5,168,49.99,2.8829,214.5,3.331
LOT-2603,2026-08-03,C-054,SN260300182,G6,0,49.51,2.9241,206.19,1.84
LOT-2603,2026-08-03,C-054,SN260300182,G6,24,53.32,2.9,207.6,2.095
LOT-2603,2026-08-03,C-054,SN260300182,G6,96,54.34,2.8892,208.14,2.32
LOT-2603,2026-08-03,C-054,SN260300182,G6,168,59.86,2.879,209.44,2.365
LOT-2603,2026-08-03,C-055,SN260300183,G7,0,34.89,2.9129,208.03,3.452
LOT-2603,2026-08-03,C-055,SN260300183,G7,24,38.11,2.8966,208.82,3.472
LOT-2603,2026-08-03,C-055,SN260300183,G7,96,42.13,2.8836,208.93,3.787
LOT-2603,2026-08-03,C-055,SN260300183,G7,168,43.17,2.8775,208.92,4.103
LOT-2603,2026-08-03,C-056,SN260300184,G8,0,32.39,2.9671,205.13,3.182
LOT-2603,2026-08-03,C-056,SN260300184,G8,24,36.17,2.9631,205.11,3.589
LOT-2603,2026-08-03,C-056,SN260300184,G8,96,37.52,2.9619,206.02,3.776
LOT-2603,2026-08-03,C-056,SN260300184,G8,168,42.26,2.968,206.19,3.673
LOT-2603,2026-08-03,C-057,SN260300185,H1,0,72.6,3.0703,208.38,2.111
LOT-2603,2026-08-03,C-057,SN260300185,H1,24,77.49,3.0641,209.27,2.216
LOT-2603,2026-08-03,C-057,SN260300185,H1,96,85.34,3.0497,212.09,2.478
LOT-2603,2026-08-03,C-057,SN260300185,H1,168,88.71,3.0348,213.82,2.436
LOT-2603,2026-08-03,C-058,SN260300186,H2,0,59.82,3.0586,201.02,2.568
LOT-2603,2026-08-03,C-058,SN260300186,H2,24,62.03,3.0449,213.63,2.67
LOT-2603,2026-08-03,C-058,SN260300186,H2,96,65.31,3.0432,230.29,3.426
LOT-2603,2026-08-03,C-058,SN260300186,H2,168,67.81,3.0351,243.04,3.534
LOT-2603,2026-08-03,C-059,SN260300187,H3,0,52.66,2.9497,198.66,3.052
LOT-2603,2026-08-03,C-059,SN260300187,H3,24,53.36,2.9513,199.96,2.984
LOT-2603,2026-08-03,C-059,SN260300187,H3,96,58.26,2.9416,200.46,3.213
LOT-2603,2026-08-03,C-059,SN260300187,H3,168,58.52,2.9389,200.76,3.336
LOT-2603,2026-08-03,C-060,SN260300188,H4,0,66.39,2.994,207.27,1.702
LOT-2603,2026-08-03,C-060,SN260300188,H4,24,66.74,2.9883,209.54,1.88
LOT-2603,2026-08-03,C-060,SN260300188,H4,96,72.0,2.973,210.32,1.965
LOT-2603,2026-08-03,C-060,SN260300188,H4,168,74.36,2.9724,211.28,2.042
LOT-2603,2026-08-03,C-061,SN260300189,H5,0,79.19,3.0196,204.71,2.397
LOT-2603,2026-08-03,C-061,SN260300189,H5,24,85.48,3.0096,205.01,2.562
LOT-2603,2026-08-03,C-061,SN260300189,H5,96,82.53,2.9946,206.29,2.56
LOT-2603,2026-08-03,C-061,SN260300189,H5,168,85.32,2.9874,206.9,2.601
LOT-2603,2026-08-03,C-062,SN260300190,H6,0,43.53,3.1328,203.63,2.389
LOT-2603,2026-08-03,C-062,SN260300190,H6,24,47.35,3.1067,205.79,2.46
LOT-2603,2026-08-03,C-062,SN260300190,H6,96,52.27,3.0976,206.9,2.748
LOT-2603,2026-08-03,C-062,SN260300190,H6,168,55.97,3.0917,209.28,2.802
LOT-2603,2026-08-03,C-063,SN260300191,H7,0,42.96,2.9826,202.16,2.603
LOT-2603,2026-08-03,C-063,SN260300191,H7,24,47.66,2.9688,204.34,2.353
LOT-2603,2026-08-03,C-063,SN260300191,H7,96,47.93,2.9496,205.59,2.619
LOT-2603,2026-08-03,C-063,SN260300191,H7,168,50.23,2.9346,207.22,2.514
LOT-2603,2026-08-03,C-064,SN260300192,H8,0,50.95,2.9988,199.6,1.41
LOT-2603,2026-08-03,C-064,SN260300192,H8,24,54.06,2.9932,200.49,1.576
LOT-2603,2026-08-03,C-064,SN260300192,H8,96,55.81,2.9886,201.03,1.652
LOT-2603,2026-08-03,C-064,SN260300192,H8,168,58.58,2.9922,201.43,1.779
LOT-2604,2026-08-17,C-001,SN260400193,A1,0,42.65,2.9705,202.06,3.246
LOT-2604,2026-08-17,C-001,SN260400193,A1,24,44.42,2.9625,202.46,3.228
LOT-2604,2026-08-17,C-001,SN260400193,A1,96,45.96,2.953,202.88,3.406
LOT-2604,2026-08-17,C-001,SN260400193,A1,168,48.62,2.947,203.75,3.672
LOT-2604,2026-08-17,C-002,SN260400194,A2,0,36.66,2.9689,213.23,2.193
LOT-2604,2026-08-17,C-002,SN260400194,A2,24,39.46,2.9653,214.02,2.338
LOT-2604,2026-08-17,C-002,SN260400194,A2,96,39.02,2.9377,214.41,2.428
LOT-2604,2026-08-17,C-002,SN260400194,A2,168,44.29,2.9219,214.86,2.829
LOT-2604,2026-08-17,C-003,SN260400195,A3,0,50.09,2.9822,200.47,2.649
LOT-2604,2026-08-17,C-003,SN260400195,A3,24,48.31,2.9795,200.17,2.678
LOT-2604,2026-08-17,C-003,SN260400195,A3,96,50.75,2.9606,199.91,2.646
LOT-2604,2026-08-17,C-003,SN260400195,A3,168,47.67,2.9558,200.75,2.709
LOT-2604,2026-08-17,C-004,SN260400196,A4,0,25.82,3.0811,200.62,2.57
LOT-2604,2026-08-17,C-004,SN260400196,A4,24,26.93,3.0869,202.97,2.667
LOT-2604,2026-08-17,C-004,SN260400196,A4,96,29.35,3.0856,205.23,2.469
LOT-2604,2026-08-17,C-004,SN260400196,A4,168,31.07,3.0935,206.24,2.495
LOT-2604,2026-08-17,C-005,SN260400197,A5,0,68.51,2.9579,206.88,2.471
LOT-2604,2026-08-17,C-005,SN260400197,A5,24,70.9,2.9468,208.83,2.552
LOT-2604,2026-08-17,C-005,SN260400197,A5,96,73.44,2.9378,211.15,2.896
LOT-2604,2026-08-17,C-005,SN260400197,A5,168,76.64,2.9338,212.02,3.071
LOT-2604,2026-08-17,C-006,SN260400198,A6,0,55.54,2.9839,207.66,2.584
LOT-2604,2026-08-17,C-006,SN260400198,A6,24,63.16,2.9698,209.23,2.775
LOT-2604,2026-08-17,C-006,SN260400198,A6,96,66.76,2.954,211.27,2.929
LOT-2604,2026-08-17,C-006,SN260400198,A6,168,72.54,2.9498,212.78,3.116
LOT-2604,2026-08-17,C-007,SN260400199,A7,0,49.23,3.0374,203.5,1.486
LOT-2604,2026-08-17,C-007,SN260400199,A7,24,49.61,3.0262,204.37,1.703
LOT-2604,2026-08-17,C-007,SN260400199,A7,96,57.37,3.0196,205.91,1.611
LOT-2604,2026-08-17,C-007,SN260400199,A7,168,58.45,3.0189,206.73,1.612
LOT-2604,2026-08-17,C-008,SN260400200,A8,0,42.42,3.1065,212.93,4.011
LOT-2604,2026-08-17,C-008,SN260400200,A8,24,42.97,3.1029,213.58,4.214
LOT-2604,2026-08-17,C-008,SN260400200,A8,96,48.37,3.0905,213.41,4.536
LOT-2604,2026-08-17,C-008,SN260400200,A8,168,48.59,3.0841,213.68,4.937
LOT-2604,2026-08-17,C-009,SN260400201,B1,0,50.72,2.9585,201.45,1.6
LOT-2604,2026-08-17,C-009,SN260400201,B1,24,56.24,2.9476,201.46,1.768
LOT-2604,2026-08-17,C-009,SN260400201,B1,96,64.26,2.9323,202.21,1.801
LOT-2604,2026-08-17,C-009,SN260400201,B1,168,71.31,2.9171,203.43,1.832
LOT-2604,2026-08-17,C-010,SN260400202,B2,0,53.32,2.9149,212.44,2.814
LOT-2604,2026-08-17,C-010,SN260400202,B2,24,56.9,2.9017,213.72,3.127
LOT-2604,2026-08-17,C-010,SN260400202,B2,96,61.08,2.8786,217.31,3.32
LOT-2604,2026-08-17,C-010,SN260400202,B2,168,63.86,2.8707,219.35,3.351
LOT-2604,2026-08-17,C-011,SN260400203,B3,0,46.85,3.0204,201.77,2.554
LOT-2604,2026-08-17,C-011,SN260400203,B3,24,48.02,3.0248,203.1,2.691
LOT-2604,2026-08-17,C-011,SN260400203,B3,96,49.76,3.0091,204.67,3.021
LOT-2604,2026-08-17,C-011,SN260400203,B3,168,54.19,3.0097,205.27,3.376
LOT-2604,2026-08-17,C-012,SN260400204,B4,0,58.32,2.9562,203.23,1.947
LOT-2604,2026-08-17,C-012,SN260400204,B4,24,62.4,2.9441,203.4,1.998
LOT-2604,2026-08-17,C-012,SN260400204,B4,96,60.67,2.9201,204.25,1.907
LOT-2604,2026-08-17,C-012,SN260400204,B4,168,61.93,2.9087,203.84,1.972
LOT-2604,2026-08-17,C-013,SN260400205,B5,0,57.6,3.0127,201.84,1.84
LOT-2604,2026-08-17,C-013,SN260400205,B5,24,61.21,3.012,204.54,1.896
LOT-2604,2026-08-17,C-013,SN260400205,B5,96,61.24,2.9995,206.76,2.083
LOT-2604,2026-08-17,C-013,SN260400205,B5,168,62.62,2.9803,208.02,2.104
LOT-2604,2026-08-17,C-014,SN260400206,B6,0,49.81,3.1216,201.42,1.707
LOT-2604,2026-08-17,C-014,SN260400206,B6,24,53.0,3.1098,202.95,1.719
LOT-2604,2026-08-17,C-014,SN260400206,B6,96,57.64,3.1026,204.55,1.688
LOT-2604,2026-08-17,C-014,SN260400206,B6,168,60.34,3.0939,206.13,1.936
LOT-2604,2026-08-17,C-015,SN260400207,B7,0,22.55,2.9178,206.47,2.277
LOT-2604,2026-08-17,C-015,SN260400207,B7,24,23.56,2.9142,207.89,2.48
LOT-2604,2026-08-17,C-015,SN260400207,B7,96,24.09,2.9021,208.35,2.786
LOT-2604,2026-08-17,C-015,SN260400207,B7,168,25.2,2.8976,209.26,2.952
LOT-2604,2026-08-17,C-016,SN260400208,B8,0,48.47,3.0635,208.25,2.586
LOT-2604,2026-08-17,C-016,SN260400208,B8,24,49.9,3.0504,209.39,2.509
LOT-2604,2026-08-17,C-016,SN260400208,B8,96,54.04,3.0476,209.92,2.554
LOT-2604,2026-08-17,C-016,SN260400208,B8,168,57.4,3.0315,210.84,2.517
LOT-2604,2026-08-17,C-017,SN260400209,C1,0,52.44,3.1287,209.37,2.564
LOT-2604,2026-08-17,C-017,SN260400209,C1,24,55.84,3.1181,210.41,2.645
LOT-2604,2026-08-17,C-017,SN260400209,C1,96,60.15,3.1115,212.73,2.761
LOT-2604,2026-08-17,C-017,SN260400209,C1,168,64.89,3.1164,213.91,2.581
LOT-2604,2026-08-17,C-018,SN260400210,C2,0,38.09,2.8971,198.87,3.121
LOT-2604,2026-08-17,C-018,SN260400210,C2,24,39.64,2.8883,198.39,3.247
LOT-2604,2026-08-17,C-018,SN260400210,C2,96,45.32,2.8809,200.11,3.443
LOT-2604,2026-08-17,C-018,SN260400210,C2,168,45.03,2.8801,201.55,3.465
LOT-2604,2026-08-17,C-019,SN260400211,C3,0,40.43,2.9178,209.28,3.227
LOT-2604,2026-08-17,C-019,SN260400211,C3,24,42.18,2.9051,209.84,3.16
LOT-2604,2026-08-17,C-019,SN260400211,C3,96,46.1,2.8841,210.25,3.466
LOT-2604,2026-08-17,C-019,SN260400211,C3,168,48.36,2.8643,210.98,3.487
LOT-2604,2026-08-17,C-020,SN260400212,C4,0,32.96,2.9538,206.78,1.851
LOT-2604,2026-08-17,C-020,SN260400212,C4,24,34.62,2.9391,206.86,1.989
LOT-2604,2026-08-17,C-020,SN260400212,C4,96,37.84,2.9043,207.15,2.207
LOT-2604,2026-08-17,C-020,SN260400212,C4,168,41.76,2.8901,207.3,2.165
LOT-2604,2026-08-17,C-021,SN260400213,C5,0,47.99,2.9533,211.85,2.473
LOT-2604,2026-08-17,C-021,SN260400213,C5,24,52.6,2.9488,212.1,2.543
LOT-2604,2026-08-17,C-021,SN260400213,C5,96,55.57,2.9439,213.58,2.473
LOT-2604,2026-08-17,C-021,SN260400213,C5,168,57.17,2.9447,214.37,2.635
LOT-2604,2026-08-17,C-022,SN260400214,C6,0,64.79,2.9801,210.43,1.552
LOT-2604,2026-08-17,C-022,SN260400214,C6,24,64.29,2.9699,210.74,1.825
LOT-2604,2026-08-17,C-022,SN260400214,C6,96,70.58,2.975,211.58,1.886
LOT-2604,2026-08-17,C-022,SN260400214,C6,168,70.7,2.968,212.74,1.994
LOT-2604,2026-08-17,C-023,SN260400215,C7,0,58.13,3.0684,199.3,2.501
LOT-2604,2026-08-17,C-023,SN260400215,C7,24,63.59,3.0652,199.31,2.414
LOT-2604,2026-08-17,C-023,SN260400215,C7,96,74.05,3.0582,200.95,2.509
LOT-2604,2026-08-17,C-023,SN260400215,C7,168,77.21,3.0463,201.23,2.651
LOT-2604,2026-08-17,C-024,SN260400216,C8,0,39.46,2.9367,205.68,2.632
LOT-2604,2026-08-17,C-024,SN260400216,C8,24,42.29,2.9237,206.1,2.855
LOT-2604,2026-08-17,C-024,SN260400216,C8,96,47.49,2.9191,206.02,3.003
LOT-2604,2026-08-17,C-024,SN260400216,C8,168,48.99,2.9176,206.52,3.086
LOT-2604,2026-08-17,C-025,SN260400217,D1,0,49.34,3.1283,199.54,3.375
LOT-2604,2026-08-17,C-025,SN260400217,D1,24,51.93,3.1265,200.28,3.61
LOT-2604,2026-08-17,C-025,SN260400217,D1,96,59.57,3.1264,200.72,3.94
LOT-2604,2026-08-17,C-025,SN260400217,D1,168,62.25,3.1237,202.49,4.176
LOT-2604,2026-08-17,C-026,SN260400218,D2,0,41.6,3.0322,214.27,2.343
LOT-2604,2026-08-17,C-026,SN260400218,D2,24,45.48,3.0212,215.5,2.487
LOT-2604,2026-08-17,C-026,SN260400218,D2,96,50.43,3.0056,215.84,2.491
LOT-2604,2026-08-17,C-026,SN260400218,D2,168,53.32,3.0018,216.46,2.661
LOT-2604,2026-08-17,C-027,SN260400219,D3,0,37.18,2.8873,197.93,2.491
LOT-2604,2026-08-17,C-027,SN260400219,D3,24,40.5,2.8679,199.3,2.63
LOT-2604,2026-08-17,C-027,SN260400219,D3,96,42.66,2.8539,200.34,2.544
LOT-2604,2026-08-17,C-027,SN260400219,D3,168,46.17,2.8386,200.39,2.593
LOT-2604,2026-08-17,C-028,SN260400220,D4,0,59.92,3.0311,202.52,3.136
LOT-2604,2026-08-17,C-028,SN260400220,D4,24,61.39,3.0222,201.69,3.271
LOT-2604,2026-08-17,C-028,SN260400220,D4,96,67.62,3.0117,201.73,3.204
LOT-2604,2026-08-17,C-028,SN260400220,D4,168,71.21,3.0174,201.49,3.383
LOT-2604,2026-08-17,C-029,SN260400221,D5,0,47.79,2.9132,209.72,2.544
LOT-2604,2026-08-17,C-029,SN260400221,D5,24,47.65,2.9014,210.09,2.412
LOT-2604,2026-08-17,C-029,SN260400221,D5,96,50.51,2.8866,209.84,2.713
LOT-2604,2026-08-17,C-029,SN260400221,D5,168,53.14,2.8654,211.34,2.747
LOT-2604,2026-08-17,C-030,SN260400222,D6,0,33.85,2.9855,211.4,3.036
LOT-2604,2026-08-17,C-030,SN260400222,D6,24,33.92,2.9665,212.68,3.287
LOT-2604,2026-08-17,C-030,SN260400222,D6,96,37.8,2.9614,213.19,3.608
LOT-2604,2026-08-17,C-030,SN260400222,D6,168,38.06,2.9564,214.09,3.852
LOT-2604,2026-08-17,C-031,SN260400223,D7,0,45.37,2.9931,209.2,1.985
LOT-2604,2026-08-17,C-031,SN260400223,D7,24,46.56,2.9908,210.78,2.182
LOT-2604,2026-08-17,C-031,SN260400223,D7,96,48.85,2.9862,211.76,2.401
LOT-2604,2026-08-17,C-031,SN260400223,D7,168,49.63,2.9799,212.15,2.671
LOT-2604,2026-08-17,C-032,SN260400224,D8,0,56.37,3.0105,204.82,1.446
LOT-2604,2026-08-17,C-032,SN260400224,D8,24,58.91,3.0104,207.37,1.449
LOT-2604,2026-08-17,C-032,SN260400224,D8,96,64.24,3.017,209.65,1.457
LOT-2604,2026-08-17,C-032,SN260400224,D8,168,65.15,3.0223,212.14,1.465
LOT-2604,2026-08-17,C-033,SN260400225,E1,0,40.53,3.1014,203.43,2.539
LOT-2604,2026-08-17,C-033,SN260400225,E1,24,42.82,3.0769,204.39,2.853
LOT-2604,2026-08-17,C-033,SN260400225,E1,96,45.91,3.0491,204.04,3.132
LOT-2604,2026-08-17,C-033,SN260400225,E1,168,45.83,3.0218,204.8,3.302
LOT-2604,2026-08-17,C-034,SN260400226,E2,0,48.93,2.9833,204.27,18.234
LOT-2604,2026-08-17,C-034,SN260400226,E2,24,53.17,2.9816,205.06,27.128
LOT-2604,2026-08-17,C-034,SN260400226,E2,96,55.42,2.9673,205.87,44.043
LOT-2604,2026-08-17,C-034,SN260400226,E2,168,58.71,2.9628,206.99,53.977
LOT-2604,2026-08-17,C-035,SN260400227,E3,0,33.7,3.0352,207.18,3.138
LOT-2604,2026-08-17,C-035,SN260400227,E3,24,35.08,3.028,209.06,3.478
LOT-2604,2026-08-17,C-035,SN260400227,E3,96,36.23,3.0231,211.46,3.839
LOT-2604,2026-08-17,C-035,SN260400227,E3,168,36.61,3.0132,212.81,3.852
LOT-2604,2026-08-17,C-036,SN260400228,E4,0,41.27,3.0832,200.35,1.927
LOT-2604,2026-08-17,C-036,SN260400228,E4,24,43.93,3.0632,200.85,2.036
LOT-2604,2026-08-17,C-036,SN260400228,E4,96,44.05,3.0498,202.87,1.998
LOT-2604,2026-08-17,C-036,SN260400228,E4,168,44.75,3.0308,204.05,2.084
LOT-2604,2026-08-17,C-037,SN260400229,E5,0,53.13,3.1078,204.43,3.443
LOT-2604,2026-08-17,C-037,SN260400229,E5,24,58.48,3.0978,205.06,3.768
LOT-2604,2026-08-17,C-037,SN260400229,E5,96,64.67,3.0895,206.22,3.939
LOT-2604,2026-08-17,C-037,SN260400229,E5,168,65.69,3.0933,205.38,3.896
LOT-2604,2026-08-17,C-038,SN260400230,E6,0,34.94,2.989,203.73,1.581
LOT-2604,2026-08-17,C-038,SN260400230,E6,24,36.44,2.9864,205.14,1.611
LOT-2604,2026-08-17,C-038,SN260400230,E6,96,36.37,2.9639,206.42,1.712
LOT-2604,2026-08-17,C-038,SN260400230,E6,168,37.79,2.959,206.81,1.748
LOT-2604,2026-08-17,C-039,SN260400231,E7,0,47.59,2.946,205.83,2.126
LOT-2604,2026-08-17,C-039,SN260400231,E7,24,50.68,2.9331,207.24,2.107
LOT-2604,2026-08-17,C-039,SN260400231,E7,96,54.74,2.9313,208.23,2.214
LOT-2604,2026-08-17,C-039,SN260400231,E7,168,56.37,2.9262,209.6,2.244
LOT-2604,2026-08-17,C-040,SN260400232,E8,0,35.84,2.9554,207.91,2.861
LOT-2604,2026-08-17,C-040,SN260400232,E8,24,37.35,2.9492,208.71,2.727
LOT-2604,2026-08-17,C-040,SN260400232,E8,96,37.38,2.9411,209.63,2.966
LOT-2604,2026-08-17,C-040,SN260400232,E8,168,40.31,2.9329,210.41,2.917
LOT-2604,2026-08-17,C-041,SN260400233,F1,0,48.13,3.0055,206.26,1.624
LOT-2604,2026-08-17,C-041,SN260400233,F1,24,51.32,3.0106,207.49,1.727
LOT-2604,2026-08-17,C-041,SN260400233,F1,96,52.58,3.0213,210.25,1.797
LOT-2604,2026-08-17,C-041,SN260400233,F1,168,53.39,3.0179,211.95,2.023
LOT-2604,2026-08-17,C-042,SN260400234,F2,0,52.86,3.0007,198.85,2.888
LOT-2604,2026-08-17,C-042,SN260400234,F2,24,60.07,3.0048,210.08,3.175
LOT-2604,2026-08-17,C-042,SN260400234,F2,96,65.08,3.0037,221.86,3.62
LOT-2604,2026-08-17,C-042,SN260400234,F2,168,70.19,3.0106,229.67,4.021
LOT-2604,2026-08-17,C-043,SN260400235,F3,0,55.84,2.939,203.28,2.276
LOT-2604,2026-08-17,C-043,SN260400235,F3,24,55.97,2.9296,204.23,2.328
LOT-2604,2026-08-17,C-043,SN260400235,F3,96,60.54,2.9264,204.86,2.395
LOT-2604,2026-08-17,C-043,SN260400235,F3,168,62.72,2.9239,207.64,2.376
LOT-2604,2026-08-17,C-044,SN260400236,F4,0,40.64,2.9754,207.45,2.657
LOT-2604,2026-08-17,C-044,SN260400236,F4,24,42.75,2.9658,209.43,2.82
LOT-2604,2026-08-17,C-044,SN260400236,F4,96,43.44,2.9546,209.64,3.075
LOT-2604,2026-08-17,C-044,SN260400236,F4,168,43.3,2.9456,211.13,2.969
LOT-2604,2026-08-17,C-045,SN260400237,F5,0,53.88,3.028,209.63,3.337
LOT-2604,2026-08-17,C-045,SN260400237,F5,24,59.72,3.0271,211.14,3.41
LOT-2604,2026-08-17,C-045,SN260400237,F5,96,63.8,3.0383,211.39,3.89
LOT-2604,2026-08-17,C-045,SN260400237,F5,168,66.19,3.0422,211.65,3.953
LOT-2604,2026-08-17,C-046,SN260400238,F6,0,49.27,3.051,206.96,2.811
LOT-2604,2026-08-17,C-046,SN260400238,F6,24,53.85,3.0514,207.58,3.163
LOT-2604,2026-08-17,C-046,SN260400238,F6,96,56.01,3.0362,206.79,3.302
LOT-2604,2026-08-17,C-046,SN260400238,F6,168,56.32,3.0275,206.6,3.518
LOT-2604,2026-08-17,C-047,SN260400239,F7,0,41.57,2.9981,208.57,3.762
LOT-2604,2026-08-17,C-047,SN260400239,F7,24,49.11,2.9837,209.59,3.937
LOT-2604,2026-08-17,C-047,SN260400239,F7,96,55.4,2.9728,211.72,4.194
LOT-2604,2026-08-17,C-047,SN260400239,F7,168,64.9,2.9659,213.3,4.347
LOT-2604,2026-08-17,C-048,SN260400240,F8,0,41.8,3.0197,209.54,1.693
LOT-2604,2026-08-17,C-048,SN260400240,F8,24,45.09,3.0016,210.94,1.853
LOT-2604,2026-08-17,C-048,SN260400240,F8,96,48.86,2.9744,211.63,1.871
LOT-2604,2026-08-17,C-048,SN260400240,F8,168,48.06,2.9632,211.58,1.926
LOT-2604,2026-08-17,C-049,SN260400241,G1,0,46.97,3.0366,199.04,2.929
LOT-2604,2026-08-17,C-049,SN260400241,G1,24,50.52,3.0271,200.68,3.09
LOT-2604,2026-08-17,C-049,SN260400241,G1,96,53.46,3.0164,203.35,3.328
LOT-2604,2026-08-17,C-049,SN260400241,G1,168,55.32,3.0115,203.84,3.667
LOT-2604,2026-08-17,C-050,SN260400242,G2,0,65.49,3.0552,204.29,3.078
LOT-2604,2026-08-17,C-050,SN260400242,G2,24,70.09,3.0606,204.46,3.149
LOT-2604,2026-08-17,C-050,SN260400242,G2,96,75.41,3.0439,205.7,3.363
LOT-2604,2026-08-17,C-050,SN260400242,G2,168,77.63,3.0343,206.36,3.753
LOT-2604,2026-08-17,C-051,SN260400243,G3,0,43.75,3.0511,204.57,2.652
LOT-2604,2026-08-17,C-051,SN260400243,G3,24,47.29,3.0367,204.67,2.863
LOT-2604,2026-08-17,C-051,SN260400243,G3,96,47.23,3.0251,205.2,3.026
LOT-2604,2026-08-17,C-051,SN260400243,G3,168,51.32,3.0215,206.03,3.134
LOT-2604,2026-08-17,C-052,SN260400244,G4,0,38.65,2.9739,203.56,2.635
LOT-2604,2026-08-17,C-052,SN260400244,G4,24,39.05,2.9584,205.11,2.695
LOT-2604,2026-08-17,C-052,SN260400244,G4,96,40.66,2.9485,205.75,2.745
LOT-2604,2026-08-17,C-052,SN260400244,G4,168,43.58,2.9372,205.97,2.665
LOT-2604,2026-08-17,C-053,SN260400245,G5,0,53.39,3.0715,199.23,2.166
LOT-2604,2026-08-17,C-053,SN260400245,G5,24,55.18,3.0546,201.07,2.134
LOT-2604,2026-08-17,C-053,SN260400245,G5,96,58.78,3.0474,201.85,2.263
LOT-2604,2026-08-17,C-053,SN260400245,G5,168,60.19,3.0355,203.53,2.423
LOT-2604,2026-08-17,C-054,SN260400246,G6,0,59.15,2.9236,215.53,2.046
LOT-2604,2026-08-17,C-054,SN260400246,G6,24,64.44,2.9184,217.73,2.355
LOT-2604,2026-08-17,C-054,SN260400246,G6,96,73.17,2.9098,218.75,2.222
LOT-2604,2026-08-17,C-054,SN260400246,G6,168,73.35,2.902,219.75,2.27
LOT-2604,2026-08-17,C-055,SN260400247,G7,0,192.16,3.024,207.27,3.513
LOT-2604,2026-08-17,C-055,SN260400247,G7,24,276.6,3.0142,208.51,3.481
LOT-2604,2026-08-17,C-055,SN260400247,G7,96,402.1,3.0114,210.26,3.656
LOT-2604,2026-08-17,C-055,SN260400247,G7,168,523.5,3.0009,211.33,3.94
LOT-2604,2026-08-17,C-056,SN260400248,G8,0,47.65,3.0397,199.0,3.31
LOT-2604,2026-08-17,C-056,SN260400248,G8,24,50.38,3.0299,201.02,3.872
LOT-2604,2026-08-17,C-056,SN260400248,G8,96,51.16,3.0237,199.97,4.569
LOT-2604,2026-08-17,C-056,SN260400248,G8,168,53.15,3.0293,201.06,4.474
LOT-2604,2026-08-17,C-057,SN260400249,H1,0,42.74,3.0482,203.0,2.392
LOT-2604,2026-08-17,C-057,SN260400249,H1,24,45.04,3.0471,204.0,2.473
LOT-2604,2026-08-17,C-057,SN260400249,H1,96,48.55,3.039,204.25,2.662
LOT-2604,2026-08-17,C-057,SN260400249,H1,168,51.39,3.0495,204.5,2.741
LOT-2604,2026-08-17,C-058,SN260400250,H2,0,37.66,3.121,207.96,2.747
LOT-2604,2026-08-17,C-058,SN260400250,H2,24,42.44,3.1164,208.19,2.736
LOT-2604,2026-08-17,C-058,SN260400250,H2,96,46.34,3.1086,207.02,2.825
LOT-2604,2026-08-17,C-058,SN260400250,H2,168,50.88,3.1102,207.46,2.98
LOT-2604,2026-08-17,C-059,SN260400251,H3,0,63.08,3.0024,202.25,2.23
LOT-2604,2026-08-17,C-059,SN260400251,H3,24,69.41,3.0106,203.39,2.157
LOT-2604,2026-08-17,C-059,SN260400251,H3,96,79.3,2.9968,203.78,2.237
LOT-2604,2026-08-17,C-059,SN260400251,H3,168,82.38,3.0025,204.48,2.344
LOT-2604,2026-08-17,C-060,SN260400252,H4,0,34.38,2.9885,201.52,2.875
LOT-2604,2026-08-17,C-060,SN260400252,H4,24,35.96,2.9705,202.19,3.273
LOT-2604,2026-08-17,C-060,SN260400252,H4,96,39.12,2.9467,201.98,3.475
LOT-2604,2026-08-17,C-060,SN260400252,H4,168,42.76,2.9423,201.92,3.723
LOT-2604,2026-08-17,C-061,SN260400253,H5,0,53.0,3.0249,209.82,2.003
LOT-2604,2026-08-17,C-061,SN260400253,H5,24,56.29,3.0152,209.66,2.024
LOT-2604,2026-08-17,C-061,SN260400253,H5,96,63.2,2.9974,210.85,2.054
LOT-2604,2026-08-17,C-061,SN260400253,H5,168,65.4,2.9856,212.06,2.123
LOT-2604,2026-08-17,C-062,SN260400254,H6,0,65.0,2.9669,211.41,3.414
LOT-2604,2026-08-17,C-062,SN260400254,H6,24,67.82,2.9656,210.9,3.662
LOT-2604,2026-08-17,C-062,SN260400254,H6,96,75.85,2.954,212.29,4.145
LOT-2604,2026-08-17,C-062,SN260400254,H6,168,79.65,2.9495,213.21,4.267
LOT-2604,2026-08-17,C-063,SN260400255,H7,0,55.36,3.0255,213.99,1.265
LOT-2604,2026-08-17,C-063,SN260400255,H7,24,57.92,3.023,215.09,1.287
LOT-2604,2026-08-17,C-063,SN260400255,H7,96,62.48,3.0257,216.46,1.379
LOT-2604,2026-08-17,C-063,SN260400255,H7,168,63.08,3.0107,217.33,1.379
LOT-2604,2026-08-17,C-064,SN260400256,H8,0,33.63,2.9606,196.56,1.783
LOT-2604,2026-08-17,C-064,SN260400256,H8,24,34.1,2.9333,209.61,1.82
LOT-2604,2026-08-17,C-064,SN260400256,H8,96,35.21,2.903,224.96,1.949
LOT-2604,2026-08-17,C-064,SN260400256,H8,168,36.77,2.8847,234.54,2.144
LOT-2605,2026-08-31,C-001,SN260500257,A1,0,48.73,2.9972,207.67,3.682
LOT-2605,2026-08-31,C-001,SN260500257,A1,24,53.25,2.9862,207.07,3.981
LOT-2605,2026-08-31,C-001,SN260500257,A1,96,59.32,2.9833,207.41,4.313
LOT-2605,2026-08-31,C-001,SN260500257,A1,168,64.53,2.9756,206.73,4.361
LOT-2605,2026-08-31,C-002,SN260500258,A2,0,48.96,2.9634,205.48,2.648
LOT-2605,2026-08-31,C-002,SN260500258,A2,24,51.14,2.9635,206.28,2.986
LOT-2605,2026-08-31,C-002,SN260500258,A2,96,52.99,2.9599,208.3,3.154
LOT-2605,2026-08-31,C-002,SN260500258,A2,168,55.33,2.9514,208.67,3.276
LOT-2605,2026-08-31,C-003,SN260500259,A3,0,207.59,3.0354,197.53,2.827
LOT-2605,2026-08-31,C-003,SN260500259,A3,24,301.01,3.0171,198.74,3.048
LOT-2605,2026-08-31,C-003,SN260500259,A3,96,445.19,2.9974,199.82,3.079
LOT-2605,2026-08-31,C-003,SN260500259,A3,168,578.8,2.9783,200.15,3.163
LOT-2605,2026-08-31,C-004,SN260500260,A4,0,47.99,2.9772,202.49,2.175
LOT-2605,2026-08-31,C-004,SN260500260,A4,24,53.74,2.9592,203.92,2.048
LOT-2605,2026-08-31,C-004,SN260500260,A4,96,61.19,2.9528,205.74,2.373
LOT-2605,2026-08-31,C-004,SN260500260,A4,168,63.72,2.9457,206.62,2.426
LOT-2605,2026-08-31,C-005,SN260500261,A5,0,38.72,2.9847,200.78,2.9
LOT-2605,2026-08-31,C-005,SN260500261,A5,24,41.03,2.9685,212.95,2.886
LOT-2605,2026-08-31,C-005,SN260500261,A5,96,41.65,2.9539,224.43,2.845
LOT-2605,2026-08-31,C-005,SN260500261,A5,168,45.58,2.94,233.13,2.948
LOT-2605,2026-08-31,C-006,SN260500262,A6,0,234.77,3.0185,210.14,2.237
LOT-2605,2026-08-31,C-006,SN260500262,A6,24,346.34,3.0072,211.51,2.602
LOT-2605,2026-08-31,C-006,SN260500262,A6,96,534.24,2.9995,213.15,2.83
LOT-2605,2026-08-31,C-006,SN260500262,A6,168,770.43,2.9942,214.83,3.191
LOT-2605,2026-08-31,C-007,SN260500263,A7,0,33.72,2.9291,197.33,2.722
LOT-2605,2026-08-31,C-007,SN260500263,A7,24,35.14,2.9162,199.31,2.803
LOT-2605,2026-08-31,C-007,SN260500263,A7,96,39.32,2.9025,198.49,2.93
LOT-2605,2026-08-31,C-007,SN260500263,A7,168,40.67,2.8924,199.36,3.035
LOT-2605,2026-08-31,C-008,SN260500264,A8,0,50.69,2.9556,201.84,2.483
LOT-2605,2026-08-31,C-008,SN260500264,A8,24,55.13,2.9463,202.67,2.704
LOT-2605,2026-08-31,C-008,SN260500264,A8,96,59.31,2.5693,203.89,2.621
LOT-2605,2026-08-31,C-008,SN260500264,A8,168,62.73,2.5666,202.33,2.775
LOT-2605,2026-08-31,C-009,SN260500265,B1,0,55.93,3.0017,208.56,1.824
LOT-2605,2026-08-31,C-009,SN260500265,B1,24,58.53,2.9892,208.64,1.974
LOT-2605,2026-08-31,C-009,SN260500265,B1,96,65.51,2.9795,208.48,2.281
LOT-2605,2026-08-31,C-009,SN260500265,B1,168,70.49,2.9723,209.91,2.496
LOT-2605,2026-08-31,C-010,SN260500266,B2,0,36.34,3.033,211.2,2.469
LOT-2605,2026-08-31,C-010,SN260500266,B2,24,40.1,3.0192,211.91,2.648
LOT-2605,2026-08-31,C-010,SN260500266,B2,96,45.08,3.0069,213.44,2.784
LOT-2605,2026-08-31,C-010,SN260500266,B2,168,50.41,2.995,214.03,3.065
LOT-2605,2026-08-31,C-011,SN260500267,B3,0,54.49,3.0717,205.18,1.887
LOT-2605,2026-08-31,C-011,SN260500267,B3,24,58.37,3.0621,206.13,1.974
LOT-2605,2026-08-31,C-011,SN260500267,B3,96,62.86,3.0494,207.42,2.335
LOT-2605,2026-08-31,C-011,SN260500267,B3,168,62.19,3.0378,207.89,2.575
LOT-2605,2026-08-31,C-012,SN260500268,B4,0,35.46,2.9639,216.61,1.345
LOT-2605,2026-08-31,C-012,SN260500268,B4,24,38.84,2.9574,218.06,1.335
LOT-2605,2026-08-31,C-012,SN260500268,B4,96,42.32,2.9487,219.81,1.364
LOT-2605,2026-08-31,C-012,SN260500268,B4,168,44.92,2.9479,220.66,1.358
LOT-2605,2026-08-31,C-013,SN260500269,B5,0,53.69,2.9845,203.6,2.609
LOT-2605,2026-08-31,C-013,SN260500269,B5,24,56.13,2.9806,204.38,2.594
LOT-2605,2026-08-31,C-013,SN260500269,B5,96,61.23,2.9741,206.42,2.595
LOT-2605,2026-08-31,C-013,SN260500269,B5,168,63.06,2.9682,207.28,2.686
LOT-2605,2026-08-31,C-014,SN260500270,B6,0,45.06,2.9805,203.33,2.27
LOT-2605,2026-08-31,C-014,SN260500270,B6,24,47.07,2.961,205.87,2.157
LOT-2605,2026-08-31,C-014,SN260500270,B6,96,49.84,2.9465,207.21,2.347
LOT-2605,2026-08-31,C-014,SN260500270,B6,168,51.41,2.9363,209.2,2.398
LOT-2605,2026-08-31,C-015,SN260500271,B7,0,49.39,2.944,200.13,2.711
LOT-2605,2026-08-31,C-015,SN260500271,B7,24,53.89,2.9271,201.89,2.717
LOT-2605,2026-08-31,C-015,SN260500271,B7,96,54.2,2.9137,201.62,2.825
LOT-2605,2026-08-31,C-015,SN260500271,B7,168,55.19,2.8939,202.66,2.725
LOT-2605,2026-08-31,C-016,SN260500272,B8,0,26.99,3.041,210.03,3.21
LOT-2605,2026-08-31,C-016,SN260500272,B8,24,29.78,3.0102,210.68,3.396
LOT-2605,2026-08-31,C-016,SN260500272,B8,96,29.99,3.0029,211.69,3.65
LOT-2605,2026-08-31,C-016,SN260500272,B8,168,32.1,2.9797,211.87,3.674
LOT-2605,2026-08-31,C-017,SN260500273,C1,0,37.83,3.0308,209.36,1.839
LOT-2605,2026-08-31,C-017,SN260500273,C1,24,41.71,3.0234,208.96,1.915
LOT-2605,2026-08-31,C-017,SN260500273,C1,96,45.21,3.0039,208.42,2.045
LOT-2605,2026-08-31,C-017,SN260500273,C1,168,46.2,3.0008,209.28,2.262
LOT-2605,2026-08-31,C-018,SN260500274,C2,0,58.79,2.9811,210.57,3.161
LOT-2605,2026-08-31,C-018,SN260500274,C2,24,60.45,2.956,210.92,2.996
LOT-2605,2026-08-31,C-018,SN260500274,C2,96,63.76,2.9259,210.44,3.486
LOT-2605,2026-08-31,C-018,SN260500274,C2,168,65.77,2.9039,210.48,3.596
LOT-2605,2026-08-31,C-019,SN260500275,C3,0,48.78,2.9683,203.88,2.26
LOT-2605,2026-08-31,C-019,SN260500275,C3,24,51.65,2.9492,203.92,2.421
LOT-2605,2026-08-31,C-019,SN260500275,C3,96,58.01,2.933,203.48,2.493
LOT-2605,2026-08-31,C-019,SN260500275,C3,168,62.4,2.9266,203.85,2.482
LOT-2605,2026-08-31,C-020,SN260500276,C4,0,42.56,3.0169,203.26,3.368
LOT-2605,2026-08-31,C-020,SN260500276,C4,24,46.91,3.0295,204.31,3.669
LOT-2605,2026-08-31,C-020,SN260500276,C4,96,49.54,3.0363,204.7,4.155
LOT-2605,2026-08-31,C-020,SN260500276,C4,168,52.78,3.0267,204.56,4.704
LOT-2605,2026-08-31,C-021,SN260500277,C5,0,35.1,2.9026,209.97,2.121
LOT-2605,2026-08-31,C-021,SN260500277,C5,24,38.91,2.8909,212.61,2.053
LOT-2605,2026-08-31,C-021,SN260500277,C5,96,40.93,2.8773,215.58,2.271
LOT-2605,2026-08-31,C-021,SN260500277,C5,168,42.78,2.8769,217.29,2.361
LOT-2605,2026-08-31,C-022,SN260500278,C6,0,37.7,2.9996,206.21,2.374
LOT-2605,2026-08-31,C-022,SN260500278,C6,24,37.46,2.9757,207.78,2.533
LOT-2605,2026-08-31,C-022,SN260500278,C6,96,282.03,2.9559,209.04,2.785
LOT-2605,2026-08-31,C-022,SN260500278,C6,168,294.27,2.9461,210.83,2.953
LOT-2605,2026-08-31,C-023,SN260500279,C7,0,48.1,3.0303,200.14,13.845
LOT-2605,2026-08-31,C-023,SN260500279,C7,24,50.42,3.02,201.18,24.702
LOT-2605,2026-08-31,C-023,SN260500279,C7,96,55.12,3.0139,202.0,52.561
LOT-2605,2026-08-31,C-023,SN260500279,C7,168,57.6,3.0062,202.08,86.064
LOT-2605,2026-08-31,C-024,SN260500280,C8,0,37.66,2.9964,199.33,2.963
LOT-2605,2026-08-31,C-024,SN260500280,C8,24,40.61,2.9811,198.66,3.173
LOT-2605,2026-08-31,C-024,SN260500280,C8,96,41.06,2.9695,200.36,3.216
LOT-2605,2026-08-31,C-024,SN260500280,C8,168,42.71,2.9563,200.56,3.245
LOT-2605,2026-08-31,C-025,SN260500281,D1,0,56.61,3.1142,198.82,2.0
LOT-2605,2026-08-31,C-025,SN260500281,D1,24,59.33,3.1031,201.66,2.067
LOT-2605,2026-08-31,C-025,SN260500281,D1,96,66.19,3.0961,205.39,2.166
LOT-2605,2026-08-31,C-025,SN260500281,D1,168,68.61,3.0942,207.08,2.294
LOT-2605,2026-08-31,C-026,SN260500282,D2,0,40.05,3.0745,206.17,2.22
LOT-2605,2026-08-31,C-026,SN260500282,D2,24,40.51,3.062,206.53,2.147
LOT-2605,2026-08-31,C-026,SN260500282,D2,96,46.85,3.053,208.84,2.108
LOT-2605,2026-08-31,C-026,SN260500282,D2,168,48.48,3.0566,210.24,2.06
LOT-2605,2026-08-31,C-027,SN260500283,D3,0,40.73,3.0453,208.85,2.847
LOT-2605,2026-08-31,C-027,SN260500283,D3,24,43.54,3.0332,210.92,2.784
LOT-2605,2026-08-31,C-027,SN260500283,D3,96,44.92,3.0182,211.54,3.359
LOT-2605,2026-08-31,C-027,SN260500283,D3,168,44.71,3.0109,213.82,3.284
LOT-2605,2026-08-31,C-028,SN260500284,D4,0,32.49,2.9726,201.71,1.799
LOT-2605,2026-08-31,C-028,SN260500284,D4,24,33.3,2.952,202.88,1.722
LOT-2605,2026-08-31,C-028,SN260500284,D4,96,33.33,2.9384,205.43,1.762
LOT-2605,2026-08-31,C-028,SN260500284,D4,168,34.68,2.9209,206.1,1.816
LOT-2605,2026-08-31,C-029,SN260500285,D5,0,35.83,3.0238,195.84,2.981
LOT-2605,2026-08-31,C-029,SN260500285,D5,24,38.09,3.008,197.99,2.89
LOT-2605,2026-08-31,C-029,SN260500285,D5,96,38.13,2.988,199.52,3.043
LOT-2605,2026-08-31,C-029,SN260500285,D5,168,38.55,2.9763,200.87,3.066
LOT-2605,2026-08-31,C-030,SN260500286,D6,0,36.63,2.9402,202.26,2.76
LOT-2605,2026-08-31,C-030,SN260500286,D6,24,38.14,2.9281,204.14,2.906
LOT-2605,2026-08-31,C-030,SN260500286,D6,96,40.61,2.917,204.38,3.001
LOT-2605,2026-08-31,C-030,SN260500286,D6,168,42.45,2.9115,205.55,3.266
LOT-2605,2026-08-31,C-031,SN260500287,D7,0,60.86,3.1073,212.05,1.633
LOT-2605,2026-08-31,C-031,SN260500287,D7,24,61.22,3.0893,212.66,1.715
LOT-2605,2026-08-31,C-031,SN260500287,D7,96,66.72,3.0695,212.81,2.04
LOT-2605,2026-08-31,C-031,SN260500287,D7,168,65.36,3.0543,213.24,2.164
LOT-2605,2026-08-31,C-032,SN260500288,D8,0,35.47,3.0572,212.39,4.192
LOT-2605,2026-08-31,C-032,SN260500288,D8,24,38.52,3.0523,223.34,4.677
LOT-2605,2026-08-31,C-032,SN260500288,D8,96,44.15,3.039,236.73,5.137
LOT-2605,2026-08-31,C-032,SN260500288,D8,168,48.03,3.0228,246.84,5.68
LOT-2605,2026-08-31,C-033,SN260500289,E1,0,53.04,3.0279,200.76,2.55
LOT-2605,2026-08-31,C-033,SN260500289,E1,24,55.85,3.0154,200.91,2.638
LOT-2605,2026-08-31,C-033,SN260500289,E1,96,59.44,2.9975,201.18,2.717
LOT-2605,2026-08-31,C-033,SN260500289,E1,168,61.89,2.996,200.75,2.764
LOT-2605,2026-08-31,C-034,SN260500290,E2,0,51.28,2.9982,207.52,2.336
LOT-2605,2026-08-31,C-034,SN260500290,E2,24,53.47,2.9986,209.18,2.353
LOT-2605,2026-08-31,C-034,SN260500290,E2,96,54.85,2.9818,211.63,2.355
LOT-2605,2026-08-31,C-034,SN260500290,E2,168,55.69,2.9779,213.27,2.608
LOT-2605,2026-08-31,C-035,SN260500291,E3,0,89.64,3.2868,217.61,3.216
LOT-2605,2026-08-31,C-035,SN260500291,E3,24,98.29,3.2723,218.95,3.669
LOT-2605,2026-08-31,C-035,SN260500291,E3,96,106.4,3.2555,220.35,3.93
LOT-2605,2026-08-31,C-035,SN260500291,E3,168,107.03,3.2345,221.09,4.082
LOT-2605,2026-08-31,C-036,SN260500292,E4,0,44.15,3.0144,205.25,3.951
LOT-2605,2026-08-31,C-036,SN260500292,E4,24,47.07,3.005,206.93,4.081
LOT-2605,2026-08-31,C-036,SN260500292,E4,96,51.05,2.9932,208.69,4.492
LOT-2605,2026-08-31,C-036,SN260500292,E4,168,52.37,2.9854,208.8,4.636
LOT-2605,2026-08-31,C-037,SN260500293,E5,0,46.24,3.0177,209.06,21.574
LOT-2605,2026-08-31,C-037,SN260500293,E5,24,48.11,3.0088,209.53,39.459
LOT-2605,2026-08-31,C-037,SN260500293,E5,96,53.77,2.9891,211.52,76.558
LOT-2605,2026-08-31,C-037,SN260500293,E5,168,56.59,2.9823,212.52,124.965
LOT-2605,2026-08-31,C-038,SN260500294,E6,0,31.58,3.0303,203.56,2.187
LOT-2605,2026-08-31,C-038,SN260500294,E6,24,34.99,3.0299,204.7,2.274
LOT-2605,2026-08-31,C-038,SN260500294,E6,96,37.83,3.0021,205.87,2.492
LOT-2605,2026-08-31,C-038,SN260500294,E6,168,42.55,3.0104,206.94,2.604
LOT-2605,2026-08-31,C-039,SN260500295,E7,0,45.95,3.0146,211.61,1.395
LOT-2605,2026-08-31,C-039,SN260500295,E7,24,50.3,2.9936,213.8,1.499
LOT-2605,2026-08-31,C-039,SN260500295,E7,96,57.75,2.9562,216.48,1.595
LOT-2605,2026-08-31,C-039,SN260500295,E7,168,62.46,2.937,219.22,1.734
LOT-2605,2026-08-31,C-040,SN260500296,E8,0,45.97,2.9838,208.47,2.602
LOT-2605,2026-08-31,C-040,SN260500296,E8,24,45.92,2.9751,210.29,2.608
LOT-2605,2026-08-31,C-040,SN260500296,E8,96,48.45,2.9655,211.71,2.952
LOT-2605,2026-08-31,C-040,SN260500296,E8,168,49.67,2.9559,212.38,3.148
LOT-2605,2026-08-31,C-041,SN260500297,F1,0,47.23,3.1242,207.9,2.673
LOT-2605,2026-08-31,C-041,SN260500297,F1,24,49.86,3.1138,208.19,2.854
LOT-2605,2026-08-31,C-041,SN260500297,F1,96,53.54,3.1081,209.09,2.635
LOT-2605,2026-08-31,C-041,SN260500297,F1,168,53.62,3.1202,210.04,2.695
LOT-2605,2026-08-31,C-042,SN260500298,F2,0,59.59,3.0582,199.71,2.145
LOT-2605,2026-08-31,C-042,SN260500298,F2,24,64.5,3.0443,201.68,2.283
LOT-2605,2026-08-31,C-042,SN260500298,F2,96,71.01,3.055,203.03,2.316
LOT-2605,2026-08-31,C-042,SN260500298,F2,168,76.89,3.0461,204.52,2.388
LOT-2605,2026-08-31,C-043,SN260500299,F3,0,47.96,2.9689,209.8,1.529
LOT-2605,2026-08-31,C-043,SN260500299,F3,24,48.23,2.9542,212.69,1.551
LOT-2605,2026-08-31,C-043,SN260500299,F3,96,50.25,2.9443,213.27,1.581
LOT-2605,2026-08-31,C-043,SN260500299,F3,168,51.84,2.9389,214.29,1.704
LOT-2605,2026-08-31,C-044,SN260500300,F4,0,45.64,3.0586,208.42,3.44
LOT-2605,2026-08-31,C-044,SN260500300,F4,24,48.22,3.0584,209.81,3.619
LOT-2605,2026-08-31,C-044,SN260500300,F4,96,52.68,3.0492,211.83,3.633
LOT-2605,2026-08-31,C-044,SN260500300,F4,168,52.1,3.0536,213.49,4.096
LOT-2605,2026-08-31,C-045,SN260500301,F5,0,34.31,2.9198,208.13,2.076
LOT-2605,2026-08-31,C-045,SN260500301,F5,24,37.25,2.9038,207.27,2.125
LOT-2605,2026-08-31,C-045,SN260500301,F5,96,41.02,2.8799,209.07,2.311
LOT-2605,2026-08-31,C-045,SN260500301,F5,168,44.14,2.8711,209.06,2.424
LOT-2605,2026-08-31,C-046,SN260500302,F6,0,48.97,3.0551,208.77,1.6
LOT-2605,2026-08-31,C-046,SN260500302,F6,24,49.67,3.0469,210.29,1.73
LOT-2605,2026-08-31,C-046,SN260500302,F6,96,52.1,3.0311,211.44,1.891
LOT-2605,2026-08-31,C-046,SN260500302,F6,168,51.95,3.0331,212.5,2.155
LOT-2605,2026-08-31,C-047,SN260500303,F7,0,34.99,2.9386,209.7,2.369
LOT-2605,2026-08-31,C-047,SN260500303,F7,24,37.58,2.9419,210.42,2.53
LOT-2605,2026-08-31,C-047,SN260500303,F7,96,39.07,2.9401,211.44,2.654
LOT-2605,2026-08-31,C-047,SN260500303,F7,168,40.05,2.9311,212.23,3.117
LOT-2605,2026-08-31,C-048,SN260500304,F8,0,31.97,2.9198,210.4,2.376
LOT-2605,2026-08-31,C-048,SN260500304,F8,24,35.59,2.9094,211.53,2.31
LOT-2605,2026-08-31,C-048,SN260500304,F8,96,38.52,2.9035,213.67,2.244
LOT-2605,2026-08-31,C-048,SN260500304,F8,168,41.29,2.9129,213.99,2.26
LOT-2605,2026-08-31,C-049,SN260500305,G1,0,48.2,2.9374,208.8,1.848
LOT-2605,2026-08-31,C-049,SN260500305,G1,24,52.36,2.9235,209.58,2.065
LOT-2605,2026-08-31,C-049,SN260500305,G1,96,58.23,2.9058,211.25,2.222
LOT-2605,2026-08-31,C-049,SN260500305,G1,168,64.56,2.9089,211.66,2.231
LOT-2605,2026-08-31,C-050,SN260500306,G2,0,65.98,2.9534,209.67,2.274
LOT-2605,2026-08-31,C-050,SN260500306,G2,24,74.91,2.9448,211.04,2.241
LOT-2605,2026-08-31,C-050,SN260500306,G2,96,83.17,2.932,212.8,2.222
LOT-2605,2026-08-31,C-050,SN260500306,G2,168,88.06,2.9202,214.11,2.444
LOT-2605,2026-08-31,C-051,SN260500307,G3,0,54.3,3.0425,209.28,2.049
LOT-2605,2026-08-31,C-051,SN260500307,G3,24,56.11,3.0245,210.43,2.218
LOT-2605,2026-08-31,C-051,SN260500307,G3,96,58.5,3.0038,210.46,2.546
LOT-2605,2026-08-31,C-051,SN260500307,G3,168,59.45,2.9927,210.96,2.747
LOT-2605,2026-08-31,C-052,SN260500308,G4,0,45.2,3.0805,205.68,2.725
LOT-2605,2026-08-31,C-052,SN260500308,G4,24,48.91,3.0738,206.7,2.623
LOT-2605,2026-08-31,C-052,SN260500308,G4,96,55.41,3.0631,206.04,2.553
LOT-2605,2026-08-31,C-052,SN260500308,G4,168,59.97,3.0526,207.46,2.621
LOT-2605,2026-08-31,C-053,SN260500309,G5,0,41.13,3.0022,209.55,2.354
LOT-2605,2026-08-31,C-053,SN260500309,G5,24,42.3,2.9903,211.19,2.363
LOT-2605,2026-08-31,C-053,SN260500309,G5,96,47.03,2.9397,215.39,2.788
LOT-2605,2026-08-31,C-053,SN260500309,G5,168,50.57,2.9244,218.39,2.841
LOT-2605,2026-08-31,C-054,SN260500310,G6,0,43.52,3.0823,204.48,1.984
LOT-2605,2026-08-31,C-054,SN260500310,G6,24,44.35,3.0742,205.65,2.042
LOT-2605,2026-08-31,C-054,SN260500310,G6,96,47.95,2.6818,205.96,2.103
LOT-2605,2026-08-31,C-054,SN260500310,G6,168,49.47,2.6764,206.94,2.281
LOT-2605,2026-08-31,C-055,SN260500311,G7,0,37.91,2.9774,203.36,2.966
LOT-2605,2026-08-31,C-055,SN260500311,G7,24,38.52,2.9755,204.22,3.138
LOT-2605,2026-08-31,C-055,SN260500311,G7,96,39.4,2.957,205.0,3.453
LOT-2605,2026-08-31,C-055,SN260500311,G7,168,40.68,2.9407,206.2,3.481
LOT-2605,2026-08-31,C-056,SN260500312,G8,0,48.66,2.9415,201.45,3.484
LOT-2605,2026-08-31,C-056,SN260500312,G8,24,55.79,2.9309,202.51,3.556
LOT-2605,2026-08-31,C-056,SN260500312,G8,96,59.08,2.9238,203.57,3.718
LOT-2605,2026-08-31,C-056,SN260500312,G8,168,61.07,2.9229,203.61,3.693
LOT-2605,2026-08-31,C-057,SN260500313,H1,0,52.22,2.9835,201.53,2.46
LOT-2605,2026-08-31,C-057,SN260500313,H1,24,54.47,2.9739,202.91,2.461
LOT-2605,2026-08-31,C-057,SN260500313,H1,96,58.99,2.9657,203.86,2.587
LOT-2605,2026-08-31,C-057,SN260500313,H1,168,60.13,2.9561,204.32,2.553
LOT-2605,2026-08-31,C-058,SN260500314,H2,0,40.07,3.0068,200.11,2.3
LOT-2605,2026-08-31,C-058,SN260500314,H2,24,42.9,3.0012,200.83,2.584
LOT-2605,2026-08-31,C-058,SN260500314,H2,96,46.13,2.9968,201.63,2.704
LOT-2605,2026-08-31,C-058,SN260500314,H2,168,49.61,2.9915,200.83,2.922
LOT-2605,2026-08-31,C-059,SN260500315,H3,0,40.19,2.9255,207.07,2.499
LOT-2605,2026-08-31,C-059,SN260500315,H3,24,42.07,2.9219,207.04,2.65
LOT-2605,2026-08-31,C-059,SN260500315,H3,96,41.8,2.8833,207.03,2.541
LOT-2605,2026-08-31,C-059,SN260500315,H3,168,45.13,2.8687,206.65,2.481
LOT-2605,2026-08-31,C-060,SN260500316,H4,0,24.37,2.8841,207.69,1.919
LOT-2605,2026-08-31,C-060,SN260500316,H4,24,25.5,2.8725,208.25,2.011
LOT-2605,2026-08-31,C-060,SN260500316,H4,96,28.34,2.8619,209.6,2.206
LOT-2605,2026-08-31,C-060,SN260500316,H4,168,30.08,2.8588,210.8,2.149
LOT-2605,2026-08-31,C-061,SN260500317,H5,0,38.28,3.049,198.14,2.529
LOT-2605,2026-08-31,C-061,SN260500317,H5,24,42.43,3.0336,199.72,2.509
LOT-2605,2026-08-31,C-061,SN260500317,H5,96,48.33,3.0246,201.4,2.717
LOT-2605,2026-08-31,C-061,SN260500317,H5,168,50.98,3.0211,202.78,2.67
LOT-2605,2026-08-31,C-062,SN260500318,H6,0,47.47,2.9916,203.55,2.99
LOT-2605,2026-08-31,C-062,SN260500318,H6,24,47.16,2.9763,204.09,3.307
LOT-2605,2026-08-31,C-062,SN260500318,H6,96,48.54,2.9587,204.89,3.645
LOT-2605,2026-08-31,C-062,SN260500318,H6,168,50.02,2.9406,205.26,3.516
LOT-2605,2026-08-31,C-063,SN260500319,H7,0,42.41,3.041,201.99,2.084
LOT-2605,2026-08-31,C-063,SN260500319,H7,24,41.37,3.0279,202.52,2.275
LOT-2605,2026-08-31,C-063,SN260500319,H7,96,43.27,3.0162,202.88,2.201
LOT-2605,2026-08-31,C-063,SN260500319,H7,168,42.64,3.012,204.06,2.184
LOT-2605,2026-08-31,C-064,SN260500320,H8,0,39.95,2.9699,203.49,2.093
LOT-2605,2026-08-31,C-064,SN260500320,H8,24,42.29,2.9524,205.67,2.018
LOT-2605,2026-08-31,C-064,SN260500320,H8,96,45.3,2.9347,207.35,2.153
LOT-2605,2026-08-31,C-064,SN260500320,H8,168,48.33,2.9224,208.73,2.154
LOT-2606,2026-09-21,C-001,SN260600321,A1,0,22.46,3.0869,194.07,1.638
LOT-2606,2026-09-21,C-001,SN260600321,A1,24,23.05,3.0739,196.75,1.781
LOT-2606,2026-09-21,C-002,SN260600322,A2,0,69.09,2.9576,205.91,2.221
LOT-2606,2026-09-21,C-002,SN260600322,A2,24,77.55,2.9568,206.5,2.335
LOT-2606,2026-09-21,C-003,SN260600323,A3,0,53.67,3.0602,199.19,3.215
LOT-2606,2026-09-21,C-003,SN260600323,A3,24,57.77,3.0388,199.82,3.611
LOT-2606,2026-09-21,C-004,SN260600324,A4,0,54.9,2.9869,206.22,2.913
LOT-2606,2026-09-21,C-004,SN260600324,A4,24,57.53,2.9745,207.61,3.09
LOT-2606,2026-09-21,C-005,SN260600325,A5,0,47.22,3.0131,199.17,3.289
LOT-2606,2026-09-21,C-005,SN260600325,A5,24,49.04,2.9945,199.32,3.429
LOT-2606,2026-09-21,C-006,SN260600326,A6,0,52.23,2.9942,209.46,2.352
LOT-2606,2026-09-21,C-006,SN260600326,A6,24,52.46,2.979,209.35,2.243
LOT-2606,2026-09-21,C-007,SN260600327,A7,0,61.95,3.0743,211.8,2.008
LOT-2606,2026-09-21,C-007,SN260600327,A7,24,64.72,3.0548,213.26,2.062
LOT-2606,2026-09-21,C-008,SN260600328,A8,0,44.55,3.0685,202.3,2.538
LOT-2606,2026-09-21,C-008,SN260600328,A8,24,50.63,3.058,201.42,2.718
LOT-2606,2026-09-21,C-009,SN260600329,B1,0,56.11,3.0535,208.75,2.624
LOT-2606,2026-09-21,C-009,SN260600329,B1,24,61.27,3.042,210.45,2.801
LOT-2606,2026-09-21,C-010,SN260600330,B2,0,31.55,2.9736,205.7,2.932
LOT-2606,2026-09-21,C-010,SN260600330,B2,24,31.62,2.9587,206.99,3.237
LOT-2606,2026-09-21,C-011,SN260600331,B3,0,62.52,2.8662,210.47,1.375
LOT-2606,2026-09-21,C-011,SN260600331,B3,24,65.33,2.8605,211.42,1.346
LOT-2606,2026-09-21,C-012,SN260600332,B4,0,50.11,3.0355,194.92,2.686
LOT-2606,2026-09-21,C-012,SN260600332,B4,24,54.84,3.0187,195.84,2.829
LOT-2606,2026-09-21,C-013,SN260600333,B5,0,167.08,3.0329,213.24,2.114
LOT-2606,2026-09-21,C-013,SN260600333,B5,24,256.04,3.0334,212.83,2.416
LOT-2606,2026-09-21,C-014,SN260600334,B6,0,45.26,2.8858,193.89,2.143
LOT-2606,2026-09-21,C-014,SN260600334,B6,24,46.04,2.8765,194.14,2.149
LOT-2606,2026-09-21,C-015,SN260600335,B7,0,34.18,2.9726,201.33,2.259
LOT-2606,2026-09-21,C-015,SN260600335,B7,24,35.68,2.9647,202.05,2.446
LOT-2606,2026-09-21,C-016,SN260600336,B8,0,36.86,3.0589,207.25,2.072
LOT-2606,2026-09-21,C-016,SN260600336,B8,24,39.32,3.0526,207.18,1.911
LOT-2606,2026-09-21,C-017,SN260600337,C1,0,42.17,3.169,204.21,2.591
LOT-2606,2026-09-21,C-017,SN260600337,C1,24,45.29,3.1592,205.17,2.702
LOT-2606,2026-09-21,C-018,SN260600338,C2,0,57.57,3.0957,199.36,2.085
LOT-2606,2026-09-21,C-018,SN260600338,C2,24,62.44,3.0757,199.8,2.456
LOT-2606,2026-09-21,C-019,SN260600339,C3,0,38.96,2.9787,206.9,2.644
LOT-2606,2026-09-21,C-019,SN260600339,C3,24,41.35,2.9596,206.88,2.887
LOT-2606,2026-09-21,C-020,SN260600340,C4,0,44.96,3.1793,204.27,2.932
LOT-2606,2026-09-21,C-020,SN260600340,C4,24,47.02,3.1577,204.36,3.129
LOT-2606,2026-09-21,C-021,SN260600341,C5,0,46.18,3.0122,204.57,2.874
LOT-2606,2026-09-21,C-021,SN260600341,C5,24,51.28,3.0124,205.0,3.122
LOT-2606,2026-09-21,C-022,SN260600342,C6,0,48.21,3.1163,201.08,2.518
LOT-2606,2026-09-21,C-022,SN260600342,C6,24,51.81,3.1085,202.46,2.737
LOT-2606,2026-09-21,C-023,SN260600343,C7,0,42.84,2.9439,210.41,1.945
LOT-2606,2026-09-21,C-023,SN260600343,C7,24,46.39,2.9375,212.35,2.233
LOT-2606,2026-09-21,C-024,SN260600344,C8,0,77.47,3.1669,203.75,3.072
LOT-2606,2026-09-21,C-024,SN260600344,C8,24,91.32,3.1425,206.85,3.341
LOT-2606,2026-09-21,C-025,SN260600345,D1,0,36.46,3.0406,205.31,3.507
LOT-2606,2026-09-21,C-025,SN260600345,D1,24,36.02,3.0151,205.71,3.807
LOT-2606,2026-09-21,C-026,SN260600346,D2,0,33.46,3.0933,209.28,2.006
LOT-2606,2026-09-21,C-026,SN260600346,D2,24,36.34,3.0909,210.68,2.002
LOT-2606,2026-09-21,C-027,SN260600347,D3,0,66.29,3.0513,207.85,1.822
LOT-2606,2026-09-21,C-027,SN260600347,D3,24,70.25,3.0382,208.41,1.982
LOT-2606,2026-09-21,C-028,SN260600348,D4,0,50.0,2.9931,205.99,3.27
LOT-2606,2026-09-21,C-028,SN260600348,D4,24,53.8,2.9742,207.11,3.504
LOT-2606,2026-09-21,C-029,SN260600349,D5,0,38.4,3.0488,211.78,1.793
LOT-2606,2026-09-21,C-029,SN260600349,D5,24,41.83,3.0431,212.93,1.9
LOT-2606,2026-09-21,C-030,SN260600350,D6,0,32.58,2.9912,201.89,2.231
LOT-2606,2026-09-21,C-030,SN260600350,D6,24,36.87,2.9917,202.28,2.335
LOT-2606,2026-09-21,C-031,SN260600351,D7,0,41.84,2.9906,214.39,2.861
LOT-2606,2026-09-21,C-031,SN260600351,D7,24,44.54,2.9768,215.49,2.921
LOT-2606,2026-09-21,C-032,SN260600352,D8,0,54.3,2.7567,202.07,2.772
LOT-2606,2026-09-21,C-032,SN260600352,D8,24,58.04,2.7524,203.57,2.833
LOT-2606,2026-09-21,C-033,SN260600353,E1,0,34.68,2.9489,200.96,2.198
LOT-2606,2026-09-21,C-033,SN260600353,E1,24,36.45,2.9415,201.69,2.195
LOT-2606,2026-09-21,C-034,SN260600354,E2,0,42.62,2.906,216.98,2.672
LOT-2606,2026-09-21,C-034,SN260600354,E2,24,44.99,2.8891,217.93,2.767
LOT-2606,2026-09-21,C-035,SN260600355,E3,0,42.58,3.0093,207.18,2.558
LOT-2606,2026-09-21,C-035,SN260600355,E3,24,44.83,3.0008,207.91,2.759
LOT-2606,2026-09-21,C-036,SN260600356,E4,0,43.33,3.0521,204.31,2.858
LOT-2606,2026-09-21,C-036,SN260600356,E4,24,50.24,3.0434,205.07,3.004
LOT-2606,2026-09-21,C-037,SN260600357,E5,0,56.18,3.0407,207.96,2.82
LOT-2606,2026-09-21,C-037,SN260600357,E5,24,56.82,3.031,208.46,2.992
LOT-2606,2026-09-21,C-038,SN260600358,E6,0,46.05,2.9703,202.2,2.036
LOT-2606,2026-09-21,C-038,SN260600358,E6,24,47.81,2.9566,202.39,1.996
LOT-2606,2026-09-21,C-039,SN260600359,E7,0,43.5,3.0877,209.26,2.743
LOT-2606,2026-09-21,C-039,SN260600359,E7,24,44.86,3.089,211.21,2.87
LOT-2606,2026-09-21,C-040,SN260600360,E8,0,40.25,3.1062,204.49,2.767
LOT-2606,2026-09-21,C-040,SN260600360,E8,24,40.79,3.107,204.65,2.943
LOT-2606,2026-09-21,C-041,SN260600361,F1,0,69.42,2.9658,211.31,1.797
LOT-2606,2026-09-21,C-041,SN260600361,F1,24,72.08,2.9466,210.04,2.127
LOT-2606,2026-09-21,C-042,SN260600362,F2,0,41.99,2.9543,197.41,2.403
LOT-2606,2026-09-21,C-042,SN260600362,F2,24,46.03,2.9505,198.51,2.693
LOT-2606,2026-09-21,C-043,SN260600363,F3,0,46.11,3.038,200.27,2.278
LOT-2606,2026-09-21,C-043,SN260600363,F3,24,48.93,3.0155,201.82,2.537
LOT-2606,2026-09-21,C-044,SN260600364,F4,0,37.46,2.9698,198.45,2.797
LOT-2606,2026-09-21,C-044,SN260600364,F4,24,36.55,2.9445,199.76,3.102
LOT-2606,2026-09-21,C-045,SN260600365,F5,0,38.31,2.9824,205.02,2.443
LOT-2606,2026-09-21,C-045,SN260600365,F5,24,39.75,2.977,204.08,2.678
LOT-2606,2026-09-21,C-046,SN260600366,F6,0,53.16,2.9504,204.83,3.032
LOT-2606,2026-09-21,C-046,SN260600366,F6,24,54.08,2.9382,205.83,3.127
LOT-2606,2026-09-21,C-047,SN260600367,F7,0,65.63,3.0237,202.63,2.196
LOT-2606,2026-09-21,C-047,SN260600367,F7,24,70.33,3.0148,204.06,2.233
LOT-2606,2026-09-21,C-048,SN260600368,F8,0,40.67,2.9979,207.88,2.517
LOT-2606,2026-09-21,C-048,SN260600368,F8,24,44.41,2.9863,209.29,2.621
LOT-2606,2026-09-21,C-049,SN260600369,G1,0,50.42,2.9386,204.77,1.949
LOT-2606,2026-09-21,C-049,SN260600369,G1,24,52.36,2.9227,206.35,2.051
LOT-2606,2026-09-21,C-050,SN260600370,G2,0,36.47,2.9694,200.74,2.493
LOT-2606,2026-09-21,C-050,SN260600370,G2,24,37.15,2.9571,202.05,2.849
LOT-2606,2026-09-21,C-051,SN260600371,G3,0,40.83,2.9625,199.77,2.541
LOT-2606,2026-09-21,C-051,SN260600371,G3,24,42.93,2.9487,201.32,2.686
LOT-2606,2026-09-21,C-052,SN260600372,G4,0,42.88,3.1449,200.32,2.646
LOT-2606,2026-09-21,C-052,SN260600372,G4,24,46.34,3.1339,200.79,2.695
LOT-2606,2026-09-21,C-053,SN260600373,G5,0,29.91,3.0868,213.38,2.15
LOT-2606,2026-09-21,C-053,SN260600373,G5,24,32.29,3.0689,216.09,2.236
LOT-2606,2026-09-21,C-054,SN260600374,G6,0,218.0,2.9151,201.79,1.408
LOT-2606,2026-09-21,C-054,SN260600374,G6,24,361.61,2.8972,202.99,1.34
LOT-2606,2026-09-21,C-055,SN260600375,G7,0,45.89,2.9392,206.78,2.395
LOT-2606,2026-09-21,C-055,SN260600375,G7,24,47.49,2.9323,207.56,2.74
LOT-2606,2026-09-21,C-056,SN260600376,G8,0,49.5,2.8957,208.71,2.991
LOT-2606,2026-09-21,C-056,SN260600376,G8,24,54.79,2.8943,209.92,3.217
LOT-2606,2026-09-21,C-057,SN260600377,H1,0,38.22,3.0024,210.11,1.7
LOT-2606,2026-09-21,C-057,SN260600377,H1,24,40.68,2.9904,211.88,1.631
LOT-2606,2026-09-21,C-058,SN260600378,H2,0,48.9,3.0482,201.54,1.76
LOT-2606,2026-09-21,C-058,SN260600378,H2,24,53.05,3.0388,202.9,1.837
LOT-2606,2026-09-21,C-059,SN260600379,H3,0,35.38,2.8821,207.56,2.275
LOT-2606,2026-09-21,C-059,SN260600379,H3,24,41.01,2.8592,209.41,2.353
LOT-2606,2026-09-21,C-060,SN260600380,H4,0,52.56,2.9347,210.99,2.343
LOT-2606,2026-09-21,C-060,SN260600380,H4,24,56.6,2.9314,211.47,2.597
LOT-2606,2026-09-21,C-061,SN260600381,H5,0,36.31,2.8918,211.04,2.508
LOT-2606,2026-09-21,C-061,SN260600381,H5,24,38.14,2.888,212.0,2.69
LOT-2606,2026-09-21,C-062,SN260600382,H6,0,49.78,2.9774,212.12,1.927
LOT-2606,2026-09-21,C-062,SN260600382,H6,24,51.3,2.9632,212.74,1.951
LOT-2606,2026-09-21,C-063,SN260600383,H7,0,39.28,3.8425,207.43,4.132
LOT-2606,2026-09-21,C-063,SN260600383,H7,24,41.86,3.8892,208.36,4.777
LOT-2606,2026-09-21,C-064,SN260600384,H8,0,57.66,2.9521,199.17,2.424
LOT-2606,2026-09-21,C-064,SN260600384,H8,24,57.8,2.8327,199.66,2.38
